datetime,open,high,low,close,volume
2026-02-24T14:00:00+00:00,633.4799999999998,634.5699999999998,625.4599999999998,626.6199999999998,3137
2026-02-24T15:00:00+00:00,626.6199999999998,633.2999999999998,625.1199999999998,632.6899999999998,4037
2026-02-24T16:00:00+00:00,632.6899999999998,635.2499999999998,632.2699999999999,634.8699999999998,2668
2026-02-24T17:00:00+00:00,634.8699999999998,637.0999999999998,634.3299999999998,636.1699999999998,1987
2026-02-24T18:00:00+00:00,636.1699999999998,637.1299999999999,634.6699999999998,636.4899999999998,1878
2026-02-24T19:00:00+00:00,636.4899999999998,636.6599999999999,633.9899999999998,634.9299999999998,2114
2026-02-24T20:00:00+00:00,634.9299999999998,636.3899999999999,633.6899999999998,635.0199999999999,2805
2026-02-25T14:00:00+00:00,635.0199999999999,647.5199999999999,635.0199999999999,646.5899999999998,2414
2026-02-25T15:00:00+00:00,646.5899999999998,647.6699999999998,643.3299999999998,644.7699999999999,3040
2026-02-25T16:00:00+00:00,644.7699999999999,648.0799999999998,642.6599999999999,646.8099999999998,2585
2026-02-25T17:00:00+00:00,646.8099999999998,648.6999999999998,645.2799999999999,645.6799999999998,2867
2026-02-25T18:00:00+00:00,645.6799999999998,646.4999999999998,644.6899999999998,646.1499999999999,1971
2026-02-25T19:00:00+00:00,646.1499999999999,648.6799999999998,645.9299999999998,648.5399999999998,2217
2026-02-25T20:00:00+00:00,648.5399999999998,650.1099999999999,646.0099999999999,649.8599999999999,3158
2026-02-26T14:00:00+00:00,649.8599999999999,656.9699999999999,643.6499999999999,654.3999999999999,2302
2026-02-26T15:00:00+00:00,654.3999999999999,654.9899999999999,643.6499999999999,648.2699999999999,4145
2026-02-26T16:00:00+00:00,648.2699999999999,653.3499999999999,647.7099999999999,649.9699999999999,3372
2026-02-26T17:00:00+00:00,649.9699999999999,651.5899999999999,649.1299999999999,650.9099999999999,2129
2026-02-26T18:00:00+00:00,650.9099999999999,653.5899999999998,648.7599999999999,652.5999999999997,2641.609180276529
2026-02-26T19:00:00+00:00,652.5999999999997,654.7399999999998,650.6199999999998,652.3599999999998,2571.7300705831854
2026-02-26T20:00:00+00:00,652.3599999999998,653.37,649.6599999999999,651.5899999999999,3286.007829419766
2026-02-27T14:00:00+00:00,651.5899999999999,651.5899999999999,634.1499999999999,641.3799999999999,2797
2026-02-27T15:00:00+00:00,641.3799999999999,642.9799999999999,638.1899999999998,640.6099999999999,3318.9856498564986
2026-02-27T16:00:00+00:00,640.6099999999999,641.2099999999999,638.0999999999999,639.5199999999999,2557
2026-02-27T17:00:00+00:00,639.5199999999999,640.6999999999999,635.3699999999999,635.8399999999999,2558
2026-02-27T18:00:00+00:00,635.8399999999999,636.1199999999999,633.05,635.2499999999999,2626
2026-02-27T19:00:00+00:00,635.2499999999999,636.7299999999999,632.9699999999999,633.2199999999999,2480
2026-02-27T20:00:00+00:00,633.2199999999999,643.8799999999999,632.81,643.1099999999999,4113
2026-03-02T14:00:00+00:00,643.1099999999999,657.9699999999999,641.4699999999999,655.05,2414
2026-03-02T15:00:00+00:00,655.05,662.18,652.41,661.4499999999999,3584
2026-03-02T16:00:00+00:00,661.4499999999999,666.7099999999999,656.9799999999999,666.2599999999999,3370
2026-03-02T17:00:00+00:00,666.2599999999999,666.2599999999999,662.2799999999999,662.6099999999999,2364
2026-03-02T18:00:00+00:00,662.6099999999999,663.4899999999999,660.9499999999999,661.16,2290
2026-03-02T19:00:00+00:00,661.16,664.1299999999999,660.9699999999999,662.2699999999999,2105
2026-03-02T20:00:00+00:00,662.2699999999999,662.4899999999999,657.5099999999999,660.5999999999999,3954
2026-03-03T14:00:00+00:00,660.5999999999999,662.1199999999999,651.9499999999999,652.2499999999999,3479
2026-03-03T15:00:00+00:00,652.2499999999999,654.1099999999999,645.79,651.3599999999999,5816
2026-03-03T16:00:00+00:00,651.3599999999999,661.7099999999999,651.3599999999999,659.04,4612
2026-03-03T17:00:00+00:00,659.04,660.8499999999999,654.9599999999999,655.9799999999999,3260
2026-03-03T18:00:00+00:00,655.9799999999999,665.9499999999999,655.9799999999999,664.3599999999999,3719
2026-03-03T19:00:00+00:00,664.3599999999999,665.7699999999999,660.31,663.67,3227
2026-03-03T20:00:00+00:00,663.67,664.3399999999999,659.9699999999999,662.16,3766
2026-03-04T14:00:00+00:00,662.16,673.6899999999999,662.16,673.6299999999999,3435
2026-03-04T15:00:00+00:00,673.6299999999999,678.7599999999999,672.4499999999999,677.68,4544
2026-03-04T16:00:00+00:00,677.68,679.6199999999999,675.9799999999999,676.79,3209
2026-03-04T17:00:00+00:00,676.79,677.8599999999999,672.7499999999999,674.2599999999999,2858
2026-03-04T18:00:00+00:00,674.2599999999999,676.1899999999999,673.3499999999999,674.4699999999999,2461
2026-03-04T19:00:00+00:00,674.4699999999999,677.92,673.9599999999999,675.4999999999999,2400
2026-03-04T20:00:00+00:00,675.4999999999999,676.29,672.3599999999999,674.1199999999999,3699
2026-03-05T14:00:00+00:00,674.1199999999999,675.4899999999999,668.8999999999999,675.4899999999999,2431
2026-03-05T15:00:00+00:00,675.4899999999999,677.3799999999999,665.9999999999999,668.1099999999999,3548
2026-03-05T16:00:00+00:00,668.1099999999999,668.5199999999999,663.1999999999999,665.9699999999999,3002
2026-03-05T17:00:00+00:00,665.9699999999999,668.4499999999999,659.0199999999999,659.3499999999999,3320
2026-03-05T18:00:00+00:00,659.3499999999999,662.7799999999999,657.2499999999999,658.6399999999999,3087
2026-03-05T19:00:00+00:00,658.6399999999999,663.43,657.9899999999999,662.4599999999999,2572
2026-03-05T20:00:00+00:00,662.4599999999999,668.16,661.7499999999999,666.9399999999999,3858
2026-03-06T14:00:00+00:00,666.9399999999999,666.9399999999999,643.05,647.18,3390
2026-03-06T15:00:00+00:00,647.18,656.3299999999999,646.6999999999999,655.0099999999999,4774
2026-03-06T16:00:00+00:00,655.0099999999999,656.0199999999999,652.3999999999999,654.56,3812
2026-03-06T17:00:00+00:00,654.56,655.55,650.6999999999999,651.2099999999999,2919
2026-03-06T18:00:00+00:00,651.2099999999999,654.3899999999999,651.1099999999999,651.3299999999999,2705
2026-03-06T19:00:00+00:00,651.3299999999999,653.3799999999999,650.92,651.04,2533
2026-03-06T20:00:00+00:00,651.04,653.68,648.4799999999999,651.4899999999999,4649
2026-03-09T13:00:00+00:00,651.4899999999999,651.4899999999999,633.7099999999999,635.7399999999999,2834
2026-03-09T14:00:00+00:00,635.7399999999999,642.7199999999999,634.2799999999999,641.5799999999999,3970
2026-03-09T15:00:00+00:00,641.5799999999999,644.3799999999999,641.04,643.1499999999999,2567
2026-03-09T16:00:00+00:00,643.1499999999999,645.0999999999999,642.55,642.5799999999999,2569
2026-03-09T17:00:00+00:00,642.5799999999999,643.2399999999999,640.1899999999999,641.9799999999999,2431
2026-03-09T18:00:00+00:00,641.9799999999999,644.93,639.9599999999999,642.0299999999999,2479
2026-03-09T19:00:00+00:00,642.0299999999999,654.67,641.55,654.43,4179
2026-03-10T13:00:00+00:00,654.43,666.56,654.43,660.1299999999999,2457
2026-03-10T14:00:00+00:00,660.1299999999999,667.1299999999999,655.6499999999999,665.8,3811
2026-03-10T15:00:00+00:00,665.8,665.9899999999999,662.56,663.6199999999999,2461
2026-03-10T16:00:00+00:00,663.6199999999999,665.9499999999999,661.91,664.81,2131
2026-03-10T17:00:00+00:00,664.81,666.7099999999999,663.0899999999999,665.9799999999999,1999
2026-03-10T18:00:00+00:00,665.9799999999999,665.9799999999999,661.9599999999999,662.2599999999999,2888
2026-03-10T19:00:00+00:00,662.2599999999999,663.3299999999999,658.5099999999999,661.2299999999999,4092
2026-03-11T13:00:00+00:00,661.2299999999999,665.56,661.0999999999999,663.7599999999999,2382
2026-03-11T14:00:00+00:00,663.7599999999999,665.43,657.9899999999999,658.8399999999999,3438
2026-03-11T15:00:00+00:00,658.8399999999999,659.4899999999999,655.04,656.1899999999999,3775
2026-03-11T16:00:00+00:00,656.1899999999999,660.6399999999999,655.04,660.1199999999999,3155
2026-03-11T17:00:00+00:00,660.1199999999999,661.06,657.6999999999999,658.4599999999999,3019
2026-03-11T18:00:00+00:00,658.4599999999999,659.8399999999999,657.04,659.53,2149
2026-03-11T19:00:00+00:00,659.53,662.17,658.8699999999999,661.4799999999999,3296
2026-03-12T13:00:00+00:00,661.4799999999999,661.4799999999999,649.8599999999999,650.2399999999999,2381
2026-03-12T14:00:00+00:00,650.2399999999999,653.9399999999999,649.8299999999999,650.28,3141
2026-03-12T15:00:00+00:00,650.28,650.6399999999999,645.8899999999999,647.8199999999999,3534
2026-03-12T16:00:00+00:00,647.8199999999999,649.2099999999999,645.1399999999999,646.55,3240
2026-03-12T17:00:00+00:00,646.55,648.4499999999999,643.53,644.7499999999999,3122
2026-03-12T18:00:00+00:00,644.7499999999999,646.54,644.4799999999999,645.1099999999999,2728
2026-03-12T19:00:00+00:00,645.1099999999999,646.3799999999999,644.0699999999999,644.3899999999999,4462
2026-03-13T13:00:00+00:00,644.3899999999999,644.3899999999999,624.1999999999999,631.78,3844
2026-03-13T14:00:00+00:00,631.78,635.7499999999999,626.0199999999999,626.0199999999999,4409
2026-03-13T15:00:00+00:00,626.0199999999999,627.6899999999999,621.8499999999999,623.91,4471
2026-03-13T16:00:00+00:00,623.91,626.29,620.2399999999999,620.55,3833
2026-03-13T17:00:00+00:00,620.55,623.0999999999999,616.29,617.91,4457
2026-03-13T18:00:00+00:00,617.91,620.8799999999999,617.0899999999999,620.1999999999999,3722
2026-03-13T19:00:00+00:00,620.1999999999999,621.4999999999999,618.2399999999999,620.53,5514
2026-03-16T13:00:00+00:00,620.53,641.0099999999999,620.53,637.91,3353
2026-03-16T14:00:00+00:00,637.91,641.3399999999999,634.1899999999999,636.16,4700
2026-03-16T15:00:00+00:00,636.16,636.67,633.5999999999999,633.5999999999999,3829
2026-03-16T16:00:00+00:00,633.5999999999999,634.16,629.79,632.3699999999999,4090
2026-03-16T17:00:00+00:00,632.3699999999999,633.6399999999999,630.0699999999999,630.31,3220
2026-03-16T18:00:00+00:00,630.31,634.7399999999999,630.1899999999999,634.1999999999999,3489
2026-03-16T19:00:00+00:00,634.1999999999999,635.1899999999999,632.2499999999999,634.1199999999999,4580
2026-03-17T13:00:00+00:00,634.1199999999999,643.05,634.0199999999999,639.1899999999999,4116
2026-03-17T14:00:00+00:00,639.1899999999999,639.1899999999999,635.1199999999999,636.2499999999999,6228
2026-03-17T15:00:00+00:00,636.2499999999999,636.3699999999999,631.1999999999999,633.29,6630
2026-03-17T16:00:00+00:00,633.29,633.53,630.3199999999999,630.55,5756
2026-03-17T17:00:00+00:00,630.55,633.03,630.53,632.65,4154
2026-03-17T18:00:00+00:00,632.65,632.7399999999999,629.0099999999999,629.6199999999999,4544
2026-03-17T19:00:00+00:00,629.6199999999999,630.3399999999999,628.3499999999999,629.56,5382
2026-03-18T13:00:00+00:00,629.56,629.56,621.9999999999999,627.05,4209
2026-03-18T14:00:00+00:00,627.05,628.1099999999999,622.15,627.6999999999999,8020
2026-03-18T15:00:00+00:00,627.6999999999999,629.28,625.9799999999999,627.0999999999999,5864
2026-03-18T16:00:00+00:00,627.0999999999999,627.7699999999999,623.7599999999999,624.7099999999999,4731
2026-03-18T17:00:00+00:00,624.7099999999999,626.8199999999999,623.3799999999999,626.1999999999999,4130
2026-03-18T18:00:00+00:00,626.1999999999999,627.68,622.0199999999999,622.03,6572
2026-03-18T19:00:00+00:00,622.03,624.7599999999999,621.29,622.54,7422
2026-03-19T13:00:00+00:00,622.54,622.54,614.79,618.9799999999999,5175
2026-03-19T14:00:00+00:00,618.9799999999999,619.5999999999999,613.2499999999999,614.7099999999999,9193
2026-03-19T15:00:00+00:00,614.7099999999999,616.9399999999999,611.7399999999999,613.1999999999999,7502
2026-03-19T16:00:00+00:00,613.1999999999999,615.03,611.6999999999999,613.28,6239
2026-03-19T17:00:00+00:00,613.28,613.3499999999999,610.3,610.8699999999999,5308
2026-03-19T18:00:00+00:00,610.8699999999999,612.0699999999999,608.9399999999999,611.3699999999999,6345
2026-03-19T19:00:00+00:00,611.3699999999999,615.68,611.0699999999999,613.1199999999999,11854
2026-03-20T13:00:00+00:00,613.1199999999999,613.1199999999999,600.4899999999999,600.5099999999999,5222
2026-03-20T14:00:00+00:00,600.5099999999999,603.29,599.8899999999999,601.2199999999999,8589
2026-03-20T15:00:00+00:00,601.2199999999999,602.42,598.3899999999999,601.18,7549
2026-03-20T16:00:00+00:00,601.18,603.2099999999999,600.3399999999999,600.7099999999999,5715
2026-03-20T17:00:00+00:00,600.7099999999999,601.5199999999999,598.5999999999999,600.6999999999999,6143
2026-03-20T18:00:00+00:00,600.6999999999999,601.1399999999999,597.3299999999999,597.4899999999999,5989
2026-03-20T19:00:00+00:00,597.4899999999999,600.8699999999999,593.8899999999999,600.43,8250
2026-03-23T13:00:00+00:00,600.43,611.54,600.43,610.6399999999999,6444
2026-03-23T14:00:00+00:00,610.6399999999999,612.92,607.7099999999999,612.1899999999999,10776
2026-03-23T15:00:00+00:00,612.1899999999999,615.2399999999999,610.7099999999999,611.1299999999999,10049
2026-03-23T16:00:00+00:00,611.1299999999999,614.3499999999999,607.4699999999999,609.04,8915
2026-03-23T17:00:00+00:00,609.04,610.93,607.1899999999999,609.7099999999999,6790
2026-03-23T18:00:00+00:00,609.7099999999999,614.3299999999999,608.41,614.0199999999999,6986
2026-03-23T19:00:00+00:00,614.0199999999999,614.42,609.16,610.31,7163
2026-03-24T13:00:00+00:00,610.31,610.31,601.3299999999999,601.8399999999999,3857
2026-03-24T14:00:00+00:00,601.8399999999999,604.6099999999999,598.6999999999999,601.5099999999999,7839
2026-03-24T15:00:00+00:00,601.5099999999999,603.8599999999999,600.2699999999999,600.5199999999999,5502
2026-03-24T16:00:00+00:00,600.5199999999999,604.2599999999999,600.2399999999999,601.91,4461
2026-03-24T17:00:00+00:00,601.91,602.3899999999999,597.67,600.17,5304
2026-03-24T18:00:00+00:00,600.17,602.9999999999999,600.15,601.65,4414
2026-03-24T19:00:00+00:00,601.65,602.9399999999999,598.6999999999999,599.5799999999999,5513
2026-03-25T13:00:00+00:00,599.5799999999999,610.2299999999999,599.5799999999999,604.2099999999999,4953
2026-03-25T14:00:00+00:00,604.2099999999999,607.3299999999999,601.8199999999999,604.7599999999999,7952
2026-03-25T15:00:00+00:00,604.7599999999999,606.5199999999999,600.2399999999999,605.9399999999999,7016
2026-03-25T16:00:00+00:00,605.9399999999999,606.66,603.6899999999999,605.2199999999999,5591
2026-03-25T17:00:00+00:00,605.2199999999999,608.9599999999999,603.56,605.8699999999999,5321
2026-03-25T18:00:00+00:00,605.8699999999999,606.1399999999999,601.9399999999999,602.2099999999999,5135
2026-03-25T19:00:00+00:00,602.2099999999999,602.8899999999999,600.0799999999999,601.8,6580
2026-03-26T13:00:00+00:00,601.8,601.8,581.16,582.6399999999999,4945
2026-03-26T14:00:00+00:00,582.6399999999999,586.03,567.56,568.0799999999999,10797
2026-03-26T15:00:00+00:00,568.0799999999999,570.8599999999999,562.9499999999999,563.2299999999999,8750
2026-03-26T16:00:00+00:00,563.2299999999999,563.9499999999999,557.8499999999999,558.3299999999999,8167
2026-03-26T17:00:00+00:00,558.3299999999999,560.1099999999999,551.9699999999999,552.7199999999999,8091
2026-03-26T18:00:00+00:00,552.7199999999999,554.7099999999999,550.0799999999999,553.7199999999999,6999
2026-03-26T19:00:00+00:00,553.7199999999999,556.6299999999999,552.2199999999999,554.3399999999999,8317
2026-03-27T13:00:00+00:00,554.3399999999999,554.3399999999999,540.56,540.5799999999999,5512
2026-03-27T14:00:00+00:00,540.5799999999999,541.1899999999999,535.9,536.8399999999999,9064
2026-03-27T15:00:00+00:00,536.8399999999999,537.8199999999999,533.1999999999999,536.1399999999999,8817
2026-03-27T16:00:00+00:00,536.1399999999999,536.9899999999999,532.79,534.5199999999999,6531
2026-03-27T17:00:00+00:00,534.5199999999999,536.0799999999999,527.8199999999999,527.8199999999999,7009.2199583581205
2026-03-27T18:00:00+00:00,527.8199999999999,532.14,527.05,531.28,6951
2026-03-27T19:00:00+00:00,531.28,533.9499999999999,530.1999999999999,532.64,7739
2026-03-30T13:00:00+00:00,532.64,543.8599999999999,532.64,538.1899999999999,9439
2026-03-30T14:00:00+00:00,538.1899999999999,541.6299999999999,535.3499999999999,541.4499999999999,17379
2026-03-30T15:00:00+00:00,541.4499999999999,546.31,538.52,544.6199999999999,15369
2026-03-30T16:00:00+00:00,544.6199999999999,545.64,542.0999999999999,543.81,10391
2026-03-30T17:00:00+00:00,543.81,544.92,541.92,544.5799999999999,11643
2026-03-30T18:00:00+00:00,544.5799999999999,545.89,542.5899999999999,542.81,8505
2026-03-30T19:00:00+00:00,542.81,544.1099999999999,539.9999999999999,543.29,12276
2026-03-31T13:00:00+00:00,543.29,565.7099999999999,543.29,564.0899999999999,5784
2026-03-31T14:00:00+00:00,564.0899999999999,565.39,558.3499999999999,558.89,8219
2026-03-31T15:00:00+00:00,558.89,565.52,558.3499999999999,563.29,7268
2026-03-31T16:00:00+00:00,563.29,574.18,563.1299999999999,573.15,9333
2026-03-31T17:00:00+00:00,573.15,580.3599999999999,573.1299999999999,575.52,9482
2026-03-31T18:00:00+00:00,575.52,578.77,575.3499999999999,577.1999999999999,5739
2026-03-31T19:00:00+00:00,577.1999999999999,579.3699999999999,575.3499999999999,578.68,8393
2026-04-01T13:00:00+00:00,578.68,591.67,578.68,583.9999999999999,7707
2026-04-01T14:00:00+00:00,583.9999999999999,588.9799999999999,582.92,588.6299999999999,10790
2026-04-01T15:00:00+00:00,588.6299999999999,591.1899999999999,587.4899999999999,590.1899999999999,7095
2026-04-01T16:00:00+00:00,590.1899999999999,596.5999999999999,590.18,596.27,6761
2026-04-01T17:00:00+00:00,596.27,599.1999999999999,592.92,592.93,6912
2026-04-01T18:00:00+00:00,592.93,592.9899999999999,583.2199999999999,583.8,9036
2026-04-01T19:00:00+00:00,583.8,589.4899999999999,583.8,586.2099999999999,8667
2026-04-02T13:00:00+00:00,586.2099999999999,586.2099999999999,566.3399999999999,574.02,8095
2026-04-02T14:00:00+00:00,574.02,585.05,573.4599999999999,579.0099999999999,15746.682601445247
2026-04-02T15:00:00+00:00,579.0099999999999,580.8999999999999,576.4899999999999,577.7499999999999,16266
2026-04-02T16:00:00+00:00,577.7499999999999,579.9899999999999,576.8199999999999,578.3199999999999,11607
2026-04-02T17:00:00+00:00,578.3199999999999,580.2499999999999,576.4999999999999,577.2399999999999,11879
2026-04-02T18:00:00+00:00,577.2399999999999,580.7699999999999,577.0299999999999,579.8799999999999,9825
2026-04-02T19:00:00+00:00,579.8799999999999,582.0199999999999,579.6299999999999,581.2999999999998,6390
2026-04-06T13:00:00+00:00,581.2999999999998,589.5999999999999,581.2999999999998,587.6499999999999,5224
2026-04-06T14:00:00+00:00,587.6499999999999,589.0699999999999,580.4799999999999,582.9399999999999,11003
2026-04-06T15:00:00+00:00,582.9399999999999,585.8199999999999,582.9399999999999,585.0899999999999,8258
2026-04-06T16:00:00+00:00,585.0899999999999,587.0999999999999,584.4899999999999,584.5699999999999,6085
2026-04-06T17:00:00+00:00,584.5699999999999,584.6899999999999,582.1799999999998,582.5399999999998,6888
2026-04-06T18:00:00+00:00,582.5399999999998,585.5699999999999,581.9999999999999,584.3899999999999,6935
2026-04-06T19:00:00+00:00,584.3899999999999,584.8199999999999,578.9799999999999,580.4799999999999,5095
2026-04-07T13:00:00+00:00,580.4799999999999,580.4799999999999,575.2599999999999,575.9699999999999,3656
2026-04-07T14:00:00+00:00,575.9699999999999,577.1599999999999,572.5399999999998,573.3999999999999,7641
2026-04-07T15:00:00+00:00,573.3999999999999,575.0999999999999,571.7399999999999,573.9999999999999,7030
2026-04-07T16:00:00+00:00,573.9999999999999,577.3299999999999,573.8599999999999,575.9299999999998,6689
2026-04-07T17:00:00+00:00,575.9299999999998,578.5599999999998,574.5499999999998,576.5599999999998,5424
2026-04-07T18:00:00+00:00,576.5599999999998,576.7199999999999,572.7499999999999,573.0099999999999,4531
2026-04-07T19:00:00+00:00,573.0099999999999,582.3799999999999,572.4499999999999,581.7699999999999,9656
2026-04-08T13:00:00+00:00,581.7699999999999,615.4199999999998,581.7699999999999,606.9799999999999,7876
2026-04-08T14:00:00+00:00,606.9799999999999,607.2499999999999,599.6299999999999,600.7499999999999,11873.292887029289
2026-04-08T15:00:00+00:00,600.7499999999999,604.4099999999999,598.6799999999998,603.6799999999998,9326
2026-04-08T16:00:00+00:00,603.6799999999998,636.7299999999999,603.6799999999998,634.5299999999999,13445
2026-04-08T17:00:00+00:00,634.5299999999999,636.2299999999999,624.7299999999999,625.4999999999999,8454
2026-04-08T18:00:00+00:00,625.4999999999999,626.9699999999999,618.1599999999999,618.1899999999999,6895
2026-04-08T19:00:00+00:00,618.1899999999999,620.3999999999999,616.2899999999998,619.6699999999998,7719
2026-04-09T13:00:00+00:00,619.6699999999998,639.4999999999999,619.6699999999998,632.2699999999999,5621
2026-04-09T14:00:00+00:00,632.2699999999999,638.1499999999999,630.1399999999999,637.6199999999999,7640
2026-04-09T15:00:00+00:00,637.6199999999999,642.0099999999999,635.2099999999999,640.9399999999999,7567
2026-04-09T16:00:00+00:00,640.9399999999999,644.3199999999999,638.3899999999999,639.9499999999999,6337
2026-04-09T17:00:00+00:00,639.9499999999999,640.8399999999999,637.2899999999998,637.8799999999999,5229
2026-04-09T18:00:00+00:00,637.8799999999999,638.0999999999999,634.1499999999999,634.6799999999998,5972
2026-04-09T19:00:00+00:00,634.6799999999998,637.1399999999999,634.3799999999999,635.3499999999999,5755
2026-04-10T13:00:00+00:00,635.3499999999999,645.3999999999999,635.3499999999999,638.7499999999999,4882
2026-04-10T14:00:00+00:00,638.7499999999999,643.7599999999999,635.9899999999999,638.8499999999999,7280.93870789619
2026-04-10T15:00:00+00:00,638.8499999999999,639.5699999999998,632.3099999999998,632.9099999999999,7123
2026-04-10T16:00:00+00:00,632.9099999999999,635.5299999999999,631.8899999999999,634.9399999999998,6555
2026-04-10T17:00:00+00:00,634.9399999999998,634.9799999999999,633.3899999999999,634.1299999999999,4679
2026-04-10T18:00:00+00:00,634.1299999999999,634.1699999999998,631.2899999999998,632.4899999999999,4550
2026-04-10T19:00:00+00:00,632.4899999999999,636.9099999999999,632.4899999999999,636.3899999999999,5831
2026-04-13T13:00:00+00:00,636.3899999999999,637.2499999999999,631.0699999999998,636.7199999999999,3746
2026-04-13T14:00:00+00:00,636.7199999999999,640.5899999999999,632.4199999999998,634.5799999999999,6791
2026-04-13T15:00:00+00:00,634.5799999999999,635.9699999999999,632.0899999999999,634.2999999999998,5093
2026-04-13T16:00:00+00:00,634.2999999999998,637.7399999999999,632.9899999999999,636.8599999999999,5427
2026-04-13T17:00:00+00:00,636.8599999999999,637.4099999999999,635.9999999999999,637.2899999999998,4208
2026-04-13T18:00:00+00:00,637.2899999999998,640.0199999999999,637.0999999999999,639.5999999999999,4213
2026-04-13T19:00:00+00:00,639.5999999999999,641.9799999999999,638.7099999999999,641.4699999999999,4872
2026-04-14T13:00:00+00:00,641.4699999999999,659.4399999999998,641.4699999999999,655.9199999999998,5339
2026-04-14T14:00:00+00:00,655.9199999999998,665.4699999999999,655.4499999999999,664.7899999999998,7185
2026-04-14T15:00:00+00:00,664.7899999999998,671.7999999999998,662.7499999999999,670.3599999999999,6806
2026-04-14T16:00:00+00:00,670.3599999999999,672.5399999999998,668.8399999999999,669.0599999999998,5097
2026-04-14T17:00:00+00:00,669.0599999999998,673.1999999999999,668.3499999999999,672.5899999999999,4056
2026-04-14T18:00:00+00:00,672.5899999999999,672.8499999999999,666.8999999999999,667.8399999999999,4727
2026-04-14T19:00:00+00:00,667.8399999999999,669.7199999999999,666.5999999999999,669.2299999999999,5544
2026-04-15T13:00:00+00:00,669.2299999999999,678.4599999999999,669.2299999999999,678.4599999999999,4907
2026-04-15T14:00:00+00:00,678.4599999999999,683.0899999999999,676.9899999999999,680.8299999999998,7639.787207093097
2026-04-15T15:00:00+00:00,680.8299999999998,682.9399999999998,679.0399999999997,681.7999999999997,5719
2026-04-15T16:00:00+00:00,681.7999999999997,685.4499999999998,679.3799999999998,680.6499999999997,6616
2026-04-15T17:00:00+00:00,680.6499999999997,681.7999999999997,677.8299999999998,678.1599999999997,4363
2026-04-15T18:00:00+00:00,678.1599999999997,682.1099999999998,677.9399999999998,681.6099999999998,4581
2026-04-15T19:00:00+00:00,681.6099999999998,681.6699999999997,676.9899999999998,677.8399999999998,6163
2026-04-16T13:00:00+00:00,677.8399999999998,683.5599999999997,675.7299999999998,676.8799999999998,4596
2026-04-16T14:00:00+00:00,676.8799999999998,680.9999999999998,674.5099999999998,678.8499999999998,6380
2026-04-16T15:00:00+00:00,678.8499999999998,682.9999999999998,677.9999999999998,682.9099999999997,5060
2026-04-16T16:00:00+00:00,682.9099999999997,684.3899999999998,680.0899999999998,681.1799999999997,5125
2026-04-16T17:00:00+00:00,681.1799999999997,683.9099999999997,679.9799999999998,681.4599999999998,4474
2026-04-16T18:00:00+00:00,681.4599999999998,681.9699999999998,678.7599999999998,681.2599999999998,5263
2026-04-16T19:00:00+00:00,681.2599999999998,684.3699999999998,679.9899999999998,683.6199999999998,4254
2026-04-17T13:00:00+00:00,683.6199999999998,694.6599999999997,682.0899999999998,691.5899999999998,3535
2026-04-17T14:00:00+00:00,691.5899999999998,694.6099999999998,689.1799999999997,693.1699999999997,5534.156682027649
2026-04-17T15:00:00+00:00,693.1699999999997,693.1699999999997,688.8699999999998,690.1199999999998,4242
2026-04-17T16:00:00+00:00,690.1199999999998,693.4599999999998,689.5699999999998,692.9699999999998,3365
2026-04-17T17:00:00+00:00,692.9699999999998,693.2999999999997,689.0499999999997,691.2199999999998,3967
2026-04-17T18:00:00+00:00,691.2199999999998,691.8899999999998,688.9999999999998,690.9799999999998,3647
2026-04-17T19:00:00+00:00,690.9799999999998,698.3399999999998,690.2199999999998,695.8099999999998,5138
2026-04-20T13:00:00+00:00,695.8099999999998,695.8099999999998,679.0199999999998,684.3999999999997,7247
2026-04-20T14:00:00+00:00,684.3999999999997,685.4699999999998,676.1899999999998,677.0499999999997,11497
2026-04-20T15:00:00+00:00,677.0499999999997,681.5399999999997,674.9699999999998,679.8099999999998,9701
2026-04-20T16:00:00+00:00,679.8099999999998,680.8599999999998,678.1799999999998,678.6799999999998,5511
2026-04-20T17:00:00+00:00,678.6799999999998,680.5299999999997,677.9799999999998,678.1199999999998,4713
2026-04-20T18:00:00+00:00,678.1199999999998,680.1199999999998,677.5599999999998,677.6999999999998,4538
2026-04-20T19:00:00+00:00,677.6999999999998,678.9899999999998,676.4299999999998,678.0699999999998,6061
2026-04-21T13:00:00+00:00,678.0699999999998,681.7599999999998,674.4899999999998,681.2699999999998,3243
2026-04-21T14:00:00+00:00,681.2699999999998,683.0299999999997,678.5199999999998,678.9599999999998,5356
2026-04-21T15:00:00+00:00,678.9599999999998,680.3399999999998,676.9699999999998,678.0599999999998,5416
2026-04-21T16:00:00+00:00,678.0599999999998,679.1499999999997,676.9699999999998,677.0499999999997,4009
2026-04-21T17:00:00+00:00,677.0499999999997,680.9299999999998,675.4699999999998,679.5699999999998,4851
2026-04-21T18:00:00+00:00,679.5699999999998,680.5099999999998,677.3199999999998,679.2399999999998,3509
2026-04-21T19:00:00+00:00,679.2399999999998,681.4899999999998,674.2999999999997,675.7599999999998,5758
2026-04-22T13:00:00+00:00,675.7599999999998,682.2799999999997,675.7599999999998,679.6099999999998,8310
2026-04-22T14:00:00+00:00,679.6099999999998,683.0199999999998,678.6799999999998,681.2299999999998,12536.348684210527
2026-04-22T15:00:00+00:00,681.2299999999998,683.1199999999998,680.2399999999998,681.7999999999998,9206
2026-04-22T16:00:00+00:00,681.7999999999998,682.3499999999998,680.3099999999998,681.5399999999998,7536
2026-04-22T17:00:00+00:00,681.5399999999998,684.6799999999998,681.5299999999997,683.3799999999998,7130
2026-04-22T18:00:00+00:00,683.3799999999998,684.5699999999998,682.1599999999999,682.6699999999998,6006
2026-04-22T19:00:00+00:00,682.6699999999998,685.2699999999998,680.5699999999998,681.8599999999998,9501
2026-04-23T13:00:00+00:00,681.8599999999998,681.8599999999998,666.4499999999998,667.7999999999998,3183
2026-04-23T14:00:00+00:00,667.7999999999998,672.8099999999998,665.2299999999998,672.2599999999998,5292
2026-04-23T15:00:00+00:00,672.2599999999998,676.3599999999998,672.2599999999998,672.8199999999998,4807
2026-04-23T16:00:00+00:00,672.8199999999998,673.4599999999998,671.7199999999998,672.3699999999998,2289
2026-04-23T17:00:00+00:00,672.3699999999998,674.7199999999998,660.0599999999998,664.8899999999998,4949
2026-04-23T18:00:00+00:00,664.8899999999998,666.8999999999997,663.9599999999998,664.3599999999998,3464
2026-04-23T19:00:00+00:00,664.3599999999998,667.5399999999998,663.9799999999998,665.8499999999998,3839
2026-04-24T13:00:00+00:00,665.8499999999998,672.2299999999998,660.7699999999998,670.4499999999998,4418
2026-04-24T14:00:00+00:00,670.4499999999998,675.9699999999998,669.7499999999998,674.2699999999998,7464.934534341322
2026-04-24T15:00:00+00:00,674.2699999999998,683.5299999999997,673.2899999999997,682.3599999999997,8392
2026-04-24T16:00:00+00:00,682.3599999999997,686.6099999999997,680.8199999999997,686.0599999999997,5814
2026-04-24T17:00:00+00:00,686.0599999999997,687.6299999999998,683.3599999999997,684.0499999999997,5634
2026-04-24T18:00:00+00:00,684.0499999999997,684.2599999999998,681.1299999999998,683.0399999999997,4659
2026-04-24T19:00:00+00:00,683.0399999999997,685.4099999999997,681.4499999999997,682.0199999999998,5556
2026-04-27T13:00:00+00:00,682.0199999999998,685.6499999999997,677.2099999999997,679.3499999999997,4055
2026-04-27T14:00:00+00:00,679.3499999999997,688.5599999999997,678.2499999999998,688.3699999999997,5829
2026-04-27T15:00:00+00:00,688.3699999999997,689.4699999999997,679.9299999999997,681.5799999999997,5251
2026-04-27T16:00:00+00:00,681.5799999999997,685.0499999999997,681.0499999999997,684.6599999999997,3439
2026-04-27T17:00:00+00:00,684.6599999999997,687.5399999999997,684.0999999999997,686.3099999999997,3670
2026-04-27T18:00:00+00:00,686.3099999999997,686.7699999999998,684.5399999999997,685.4599999999997,3156
2026-04-27T19:00:00+00:00,685.4599999999997,686.7599999999998,683.6199999999997,686.5499999999997,4515
2026-04-28T13:00:00+00:00,686.5499999999997,686.5499999999997,676.7299999999997,679.2599999999998,5144
2026-04-28T14:00:00+00:00,679.2599999999998,682.1399999999998,673.6399999999998,675.2799999999997,9732
2026-04-28T15:00:00+00:00,675.2799999999997,676.8099999999997,672.6199999999997,675.6399999999998,6671
2026-04-28T16:00:00+00:00,675.6399999999998,677.4999999999998,673.1199999999997,677.0899999999997,4751
2026-04-28T17:00:00+00:00,677.0899999999997,678.0499999999997,676.0399999999997,677.3399999999997,3444
2026-04-28T18:00:00+00:00,677.3399999999997,679.8099999999997,677.1399999999998,678.3099999999997,3209
2026-04-28T19:00:00+00:00,678.3099999999997,678.6499999999997,676.1599999999997,678.6199999999997,4449
2026-04-29T13:00:00+00:00,678.6199999999997,678.6199999999997,670.8399999999997,676.4899999999997,3040
2026-04-29T14:00:00+00:00,676.4899999999997,680.9099999999997,675.5399999999997,679.0599999999997,5309.91041630072
2026-04-29T15:00:00+00:00,679.0599999999997,679.1999999999997,674.9299999999997,676.0499999999997,4576
2026-04-29T16:00:00+00:00,676.0499999999997,679.1099999999997,673.5699999999997,674.4999999999998,4313
2026-04-29T17:00:00+00:00,674.4999999999998,678.8499999999997,674.3499999999997,678.7499999999998,3911
2026-04-29T18:00:00+00:00,678.7499999999998,680.6099999999997,676.0399999999997,680.1699999999997,5121
2026-04-29T19:00:00+00:00,680.1699999999997,681.2499999999998,674.2699999999998,676.8999999999997,6896
2026-04-30T13:00:00+00:00,676.8999999999997,676.8999999999997,608.1899999999997,610.8999999999997,9671
2026-04-30T14:00:00+00:00,610.8999999999997,615.3299999999997,607.0399999999997,615.1499999999997,14075
2026-04-30T15:00:00+00:00,615.1499999999997,616.6099999999997,611.6399999999998,615.0399999999997,10547
2026-04-30T16:00:00+00:00,615.0399999999997,618.9799999999997,612.5699999999997,615.0599999999997,8886
2026-04-30T17:00:00+00:00,615.0599999999997,620.5999999999997,613.2399999999997,620.2799999999997,7652
2026-04-30T18:00:00+00:00,620.2799999999997,625.3899999999998,619.5899999999997,623.1499999999997,8314
2026-04-30T19:00:00+00:00,623.1499999999997,626.8699999999997,617.5499999999997,619.0699999999997,9292
2026-05-01T13:00:00+00:00,619.0699999999997,625.1999999999997,617.1799999999997,620.2399999999997,4559
2026-05-01T14:00:00+00:00,620.2399999999997,621.1999999999997,613.0999999999997,618.4899999999997,7593.156265769554
2026-05-01T15:00:00+00:00,618.4899999999997,621.9799999999997,617.0299999999997,618.9499999999997,6340
2026-05-01T16:00:00+00:00,618.9499999999997,620.7399999999997,617.0599999999997,619.4599999999997,4852
2026-05-01T17:00:00+00:00,619.4599999999997,622.9599999999997,618.5499999999997,619.0699999999997,4944
2026-05-01T18:00:00+00:00,619.0699999999997,620.5199999999998,617.4499999999997,618.1299999999997,5205
2026-05-01T19:00:00+00:00,618.1299999999997,619.6899999999997,615.2099999999997,615.9899999999997,5759
2026-05-04T13:00:00+00:00,615.9899999999997,615.9899999999997,611.0899999999997,611.1199999999997,4169
2026-05-04T14:00:00+00:00,611.1199999999997,620.3299999999997,609.7999999999997,619.4099999999997,6818
2026-05-04T15:00:00+00:00,619.4099999999997,620.7499999999997,613.4399999999997,615.2399999999997,6392
2026-05-04T16:00:00+00:00,615.2399999999997,619.3599999999997,614.0699999999997,617.5599999999997,5047
2026-05-04T17:00:00+00:00,617.5599999999997,620.9099999999997,617.1599999999997,620.2099999999997,4285
2026-05-04T18:00:00+00:00,620.2099999999997,620.9099999999997,617.5599999999997,618.6899999999997,3367
2026-05-04T19:00:00+00:00,618.6899999999997,620.1899999999997,617.0599999999997,617.5899999999997,4488
2026-05-05T13:00:00+00:00,617.5899999999997,621.0599999999997,612.8999999999997,613.8899999999998,4098
2026-05-05T14:00:00+00:00,613.8899999999998,614.8399999999997,609.0499999999997,609.8499999999997,6875
2026-05-05T15:00:00+00:00,609.8499999999997,612.1299999999997,608.4899999999997,609.1999999999997,5083
2026-05-05T16:00:00+00:00,609.1999999999997,609.6899999999997,607.3999999999997,608.6699999999997,4274
2026-05-05T17:00:00+00:00,608.6699999999997,611.4699999999997,608.1999999999997,610.4699999999997,3334
2026-05-05T18:00:00+00:00,610.4699999999997,612.0999999999997,607.7699999999998,608.0599999999997,3282
2026-05-05T19:00:00+00:00,608.0599999999997,613.7599999999998,607.5799999999997,612.1199999999997,4923
2026-05-06T13:00:00+00:00,612.1199999999997,612.1199999999997,605.1499999999997,610.5999999999997,4631
2026-05-06T14:00:00+00:00,610.5999999999997,626.9099999999997,610.5999999999997,624.0899999999998,9160.96578298397
2026-05-06T15:00:00+00:00,624.0899999999998,625.2699999999998,619.2099999999998,620.1499999999997,5245
2026-05-06T16:00:00+00:00,620.1499999999997,620.4199999999997,617.6899999999998,619.1299999999998,3552
2026-05-06T17:00:00+00:00,619.1299999999998,621.0399999999997,618.5899999999998,619.9499999999998,3100
2026-05-06T18:00:00+00:00,619.9499999999998,622.4199999999997,619.1199999999998,621.8499999999998,2891
2026-05-06T19:00:00+00:00,621.8499999999998,622.3899999999998,618.7599999999998,619.3599999999998,4422
2026-05-07T13:00:00+00:00,619.3599999999998,630.0999999999998,619.3599999999998,629.3399999999998,2728
2026-05-07T14:00:00+00:00,629.3399999999998,631.9999999999998,626.6999999999998,629.9599999999998,4191
2026-05-07T15:00:00+00:00,629.9599999999998,631.2599999999998,627.4799999999998,628.8199999999998,3371
2026-05-07T16:00:00+00:00,628.8199999999998,629.2699999999998,623.1299999999998,623.8199999999998,3269
2026-05-07T17:00:00+00:00,623.8199999999998,625.0799999999998,620.5999999999998,622.9199999999997,2559
2026-05-07T18:00:00+00:00,622.9199999999997,624.3299999999998,621.4999999999998,624.1399999999998,2188
2026-05-07T19:00:00+00:00,624.1399999999998,624.9899999999998,622.0999999999998,624.1699999999997,3483
2026-05-08T13:00:00+00:00,624.1699999999997,624.1699999999997,619.5999999999998,621.0499999999997,2162
2026-05-08T14:00:00+00:00,621.0499999999997,623.5999999999998,618.1099999999998,618.4299999999997,4019.673027444254
2026-05-08T15:00:00+00:00,618.4299999999997,618.4299999999997,612.9799999999997,614.0099999999998,4703
2026-05-08T16:00:00+00:00,614.0099999999998,617.1499999999997,613.9699999999997,615.6199999999997,3110
2026-05-08T17:00:00+00:00,615.6199999999997,617.6599999999997,615.4199999999997,617.3199999999997,2836
2026-05-08T18:00:00+00:00,617.3199999999997,618.3399999999997,615.6199999999997,616.1699999999997,2417
2026-05-08T19:00:00+00:00,616.1699999999997,617.7799999999997,615.7899999999997,616.4399999999997,3198
2026-05-11T13:00:00+00:00,616.4399999999997,616.4399999999997,606.7299999999997,607.7699999999998,3394
2026-05-11T14:00:00+00:00,607.7699999999998,610.4399999999997,607.0199999999998,608.2999999999997,4519
2026-05-11T15:00:00+00:00,608.2999999999997,611.4699999999997,607.0299999999997,610.1199999999997,4243
2026-05-11T16:00:00+00:00,610.1199999999997,611.2599999999998,608.6999999999997,609.2699999999998,3999
2026-05-11T17:00:00+00:00,609.2699999999998,610.0399999999997,606.7999999999997,609.6299999999998,3526
2026-05-11T18:00:00+00:00,609.6299999999998,610.2599999999998,605.5699999999997,606.1999999999997,3895
2026-05-11T19:00:00+00:00,606.1999999999997,606.7599999999998,604.9899999999997,605.6899999999997,4656
2026-05-12T13:00:00+00:00,605.6899999999997,607.4999999999997,599.5199999999998,606.9699999999997,3085
2026-05-12T14:00:00+00:00,606.9699999999997,610.5199999999998,604.5799999999997,607.5899999999997,4363
2026-05-12T15:00:00+00:00,607.5899999999997,608.6899999999997,606.4299999999997,607.3299999999997,2999
2026-05-12T16:00:00+00:00,607.3299999999997,608.3799999999998,606.1699999999997,606.7499999999997,2669
2026-05-12T17:00:00+00:00,606.7499999999997,607.4199999999997,603.5199999999998,607.2699999999998,2810
2026-05-12T18:00:00+00:00,607.2699999999998,607.6499999999997,605.9199999999997,606.5499999999997,2435
2026-05-12T19:00:00+00:00,606.5499999999997,610.3399999999997,605.8199999999997,610.0399999999997,3518
2026-05-13T13:00:00+00:00,610.0399999999997,612.8499999999997,603.5999999999997,612.3399999999997,3115
2026-05-13T14:00:00+00:00,612.3399999999997,616.2399999999997,609.8499999999997,611.3199999999997,4390.599156118144
2026-05-13T15:00:00+00:00,611.3199999999997,615.8899999999996,610.4199999999997,615.1699999999997,3176
2026-05-13T16:00:00+00:00,615.1699999999997,622.3399999999997,614.7099999999997,622.3199999999997,4455
2026-05-13T17:00:00+00:00,622.3199999999997,623.4999999999997,621.1199999999997,621.8799999999997,3600
2026-05-13T18:00:00+00:00,621.8799999999997,626.6299999999997,621.5599999999997,623.8299999999997,3809
2026-05-13T19:00:00+00:00,623.8299999999997,625.0299999999997,622.0699999999997,623.5699999999997,4148
2026-05-14T13:00:00+00:00,623.5699999999997,626.1899999999997,620.8299999999997,624.2699999999998,2520
2026-05-14T14:00:00+00:00,624.2699999999998,629.8699999999997,624.2599999999996,626.9999999999997,4601
2026-05-14T15:00:00+00:00,626.9999999999997,629.6799999999997,626.9999999999997,628.1999999999997,3472
2026-05-14T16:00:00+00:00,628.1999999999997,630.4399999999997,625.4299999999997,626.1699999999997,3151
2026-05-14T17:00:00+00:00,626.1699999999997,626.6699999999997,624.8099999999997,625.5999999999997,3782
2026-05-14T18:00:00+00:00,625.5999999999997,625.5999999999997,622.1499999999997,623.3399999999997,3164
2026-05-14T19:00:00+00:00,623.3399999999997,625.4999999999997,623.2699999999998,625.4399999999997,4486
2026-05-15T13:00:00+00:00,625.4399999999997,625.4399999999997,616.0399999999997,617.0199999999998,2563
2026-05-15T14:00:00+00:00,617.0199999999998,621.8499999999997,616.5699999999997,621.5799999999997,4078.3571850975754
2026-05-15T15:00:00+00:00,621.5799999999997,622.7599999999996,618.4999999999997,619.9599999999997,3677
2026-05-15T16:00:00+00:00,619.9599999999997,623.7599999999996,619.8199999999997,622.6299999999997,2915
2026-05-15T17:00:00+00:00,622.6299999999997,627.1799999999997,621.8399999999997,626.7099999999997,3393
2026-05-15T18:00:00+00:00,626.7099999999997,627.9099999999997,623.1499999999996,623.6499999999996,4140
2026-05-15T19:00:00+00:00,623.6499999999996,623.9299999999997,619.8199999999997,621.2699999999996,4083
2026-05-18T13:00:00+00:00,621.2699999999996,621.2699999999996,610.4499999999997,618.5299999999997,4248
2026-05-18T14:00:00+00:00,618.5299999999997,618.7899999999997,612.3399999999997,615.9299999999997,6331
2026-05-18T15:00:00+00:00,615.9299999999997,616.7399999999997,612.6799999999997,614.1999999999997,4524
2026-05-18T16:00:00+00:00,614.1999999999997,617.5699999999997,613.4199999999997,616.3699999999997,3840
2026-05-18T17:00:00+00:00,616.3699999999997,622.2899999999997,615.8199999999997,621.2899999999997,3844
2026-05-18T18:00:00+00:00,621.2899999999997,621.4299999999997,614.2099999999997,614.2199999999997,3849
2026-05-18T19:00:00+00:00,614.2199999999997,619.3499999999997,614.2099999999997,618.0599999999997,5031
2026-05-19T13:00:00+00:00,618.0599999999997,620.4399999999997,611.9299999999997,618.8899999999996,3666
2026-05-19T14:00:00+00:00,618.8899999999996,620.0699999999997,611.5699999999997,613.5199999999996,5382
2026-05-19T15:00:00+00:00,613.5199999999996,614.2799999999997,608.8199999999997,609.5599999999997,3249
2026-05-19T16:00:00+00:00,609.5599999999997,611.2299999999997,607.3799999999997,610.5799999999997,3379
2026-05-19T17:00:00+00:00,610.5799999999997,611.1799999999997,608.7699999999996,609.3899999999996,2542
2026-05-19T18:00:00+00:00,609.3899999999996,609.9099999999997,607.5199999999996,607.8799999999997,2418
2026-05-19T19:00:00+00:00,607.8799999999997,610.1399999999996,607.4299999999997,609.6399999999996,3831
2026-05-20T13:00:00+00:00,609.6399999999996,609.6399999999996,605.8199999999997,606.8399999999997,2376
2026-05-20T14:00:00+00:00,606.8399999999997,612.0399999999997,604.6199999999997,611.5699999999997,4354.695121951219
2026-05-20T15:00:00+00:00,611.5699999999997,614.6599999999997,610.3399999999997,613.0299999999997,3386
2026-05-20T16:00:00+00:00,613.0299999999997,613.1799999999997,610.1499999999996,611.3899999999996,2318
2026-05-20T17:00:00+00:00,611.3899999999996,612.4099999999997,610.6099999999997,611.6199999999997,2229
2026-05-20T18:00:00+00:00,611.6199999999997,613.8099999999997,611.0199999999996,612.2899999999997,2439
2026-05-20T19:00:00+00:00,612.2899999999997,612.5099999999996,609.4399999999997,611.7499999999997,3022
2026-05-21T13:00:00+00:00,611.7499999999997,611.7499999999997,602.0399999999997,602.0399999999997,3025
2026-05-21T14:00:00+00:00,602.0399999999997,606.9599999999997,601.6699999999997,606.2799999999997,4209
2026-05-21T15:00:00+00:00,606.2799999999997,610.8199999999997,606.0299999999997,610.2299999999997,3396
2026-05-21T16:00:00+00:00,610.2299999999997,610.8499999999997,607.0999999999997,608.5299999999997,2347
2026-05-21T17:00:00+00:00,608.5299999999997,616.3099999999997,608.5299999999997,615.7099999999997,3478
2026-05-21T18:00:00+00:00,615.7099999999997,616.1899999999997,611.6399999999996,612.2999999999997,3299
2026-05-21T19:00:00+00:00,612.2999999999997,614.5299999999997,612.0699999999997,614.1599999999997,3729
2026-05-22T13:00:00+00:00,614.1599999999997,621.4099999999997,613.8299999999997,616.5399999999997,2554
2026-05-22T14:00:00+00:00,616.5399999999997,617.1899999999997,613.6799999999997,617.0099999999996,2868.7031963470317
2026-05-22T15:00:00+00:00,617.0099999999996,618.4499999999997,615.8499999999997,616.2499999999997,2221
2026-05-22T16:00:00+00:00,616.2499999999997,616.2599999999996,614.1399999999996,614.6499999999996,2194
2026-05-22T17:00:00+00:00,614.6499999999996,617.9599999999997,614.6399999999996,615.4399999999997,2486
2026-05-22T18:00:00+00:00,615.4399999999997,618.7699999999996,615.4399999999997,616.8599999999997,2360
2026-05-22T19:00:00+00:00,616.8599999999997,617.7699999999996,615.3399999999997,617.2599999999996,3122
2026-05-26T13:00:00+00:00,617.2599999999996,621.0599999999997,612.3899999999996,615.8399999999997,2490
2026-05-26T14:00:00+00:00,615.8399999999997,617.9899999999997,613.2999999999997,613.3599999999997,3270
2026-05-26T15:00:00+00:00,613.3599999999997,616.3899999999996,612.2099999999997,614.0599999999997,3091
2026-05-26T16:00:00+00:00,614.0599999999997,617.7999999999997,614.0499999999997,616.7399999999997,2487
2026-05-26T17:00:00+00:00,616.7399999999997,617.1399999999996,615.0299999999996,615.7299999999997,2159
2026-05-26T18:00:00+00:00,615.7299999999997,617.6899999999997,615.5399999999996,616.0099999999996,2161
2026-05-26T19:00:00+00:00,616.0099999999996,619.3399999999997,615.5799999999997,619.3399999999997,3199
2026-05-27T13:00:00+00:00,619.3399999999997,620.3599999999997,614.8899999999996,617.8099999999997,3045
2026-05-27T14:00:00+00:00,617.8099999999997,623.3999999999996,616.9099999999996,619.2999999999997,4067.0835661080073
2026-05-27T15:00:00+00:00,619.2999999999997,621.7799999999997,618.4399999999997,618.5899999999997,3155
2026-05-27T16:00:00+00:00,618.5899999999997,621.0299999999997,617.7899999999997,618.8199999999997,2521
2026-05-27T17:00:00+00:00,618.8199999999997,618.8399999999997,616.1399999999998,617.3799999999997,2311
2026-05-27T18:00:00+00:00,617.3799999999997,639.8499999999997,617.1599999999997,638.4799999999997,8246
2026-05-27T19:00:00+00:00,638.4799999999997,645.1899999999997,637.7799999999997,641.8899999999998,6834
2026-05-28T13:00:00+00:00,641.8899999999998,649.7599999999996,636.1899999999997,646.4499999999997,4152
2026-05-28T14:00:00+00:00,646.4499999999997,648.7299999999997,639.9499999999997,641.4399999999997,4990
2026-05-28T15:00:00+00:00,641.4399999999997,641.9399999999997,638.1199999999997,639.3899999999998,2853
2026-05-28T16:00:00+00:00,639.3899999999998,641.8299999999997,636.6299999999997,636.7199999999997,2813
2026-05-28T17:00:00+00:00,636.7199999999997,639.5099999999996,636.6999999999997,637.8199999999997,2480
2026-05-28T18:00:00+00:00,637.8199999999997,640.9799999999997,637.6299999999997,638.9499999999997,2844
2026-05-28T19:00:00+00:00,638.9499999999997,642.6099999999997,638.3299999999997,642.0799999999997,3342
2026-05-29T13:00:00+00:00,642.0799999999997,642.0799999999997,633.5299999999997,634.6699999999997,3050
2026-05-29T14:00:00+00:00,634.6699999999997,635.8399999999997,630.2599999999996,632.2399999999997,4387.0434176458875
2026-05-29T15:00:00+00:00,632.2399999999997,636.4099999999996,631.8599999999997,634.6599999999996,3252
2026-05-29T16:00:00+00:00,634.6599999999996,635.7999999999996,630.9899999999997,631.7099999999997,3171
2026-05-29T17:00:00+00:00,631.7099999999997,634.1599999999996,630.7899999999996,632.7299999999997,2961
2026-05-29T18:00:00+00:00,632.7299999999997,635.0999999999997,632.1899999999997,633.0399999999996,2505
2026-05-29T19:00:00+00:00,633.0399999999996,641.1899999999997,632.4899999999997,639.4799999999997,4881
2026-06-01T13:00:00+00:00,639.4799999999997,642.4399999999997,621.5299999999996,622.8699999999997,4535
2026-06-01T14:00:00+00:00,622.8699999999997,625.0099999999996,616.0099999999996,621.9899999999997,6923
2026-06-01T15:00:00+00:00,621.9899999999997,623.4699999999997,618.0999999999997,622.8399999999997,4288
2026-06-01T16:00:00+00:00,622.8399999999997,623.6899999999997,617.2699999999996,618.3099999999996,3957
2026-06-01T17:00:00+00:00,618.3099999999996,618.8999999999996,613.2499999999997,614.5299999999996,5337
2026-06-01T18:00:00+00:00,614.5299999999996,616.2899999999996,612.1299999999997,612.3799999999997,4868
2026-06-01T19:00:00+00:00,612.3799999999997,615.3199999999997,606.5699999999997,607.5999999999997,6209
2026-06-02T13:00:00+00:00,607.5999999999997,612.6299999999997,603.6599999999996,611.8199999999997,3613
2026-06-02T14:00:00+00:00,611.8199999999997,614.1499999999996,607.2299999999997,613.1899999999997,4501
2026-06-02T15:00:00+00:00,613.1899999999997,615.7799999999996,612.7799999999996,614.0099999999996,3084
2026-06-02T16:00:00+00:00,614.0099999999996,615.2099999999997,612.3799999999997,613.8599999999997,2308
2026-06-02T17:00:00+00:00,613.8599999999997,614.8399999999997,611.5299999999996,612.3399999999997,2435
2026-06-02T18:00:00+00:00,612.3399999999997,612.7599999999996,608.2799999999996,608.5899999999997,2468
2026-06-02T19:00:00+00:00,608.5899999999997,608.8799999999997,604.2099999999997,604.7499999999997,4193
2026-06-03T13:00:00+00:00,604.7499999999997,620.9699999999997,604.7499999999997,619.0199999999996,4544
2026-06-03T14:00:00+00:00,619.0199999999996,626.6999999999997,616.4799999999997,623.9199999999996,6242.19610935857
2026-06-03T15:00:00+00:00,623.9199999999996,625.8099999999996,619.9899999999996,620.1499999999996,3739
2026-06-03T16:00:00+00:00,620.1499999999996,626.6099999999996,618.4099999999996,626.2099999999996,3795
2026-06-03T17:00:00+00:00,626.2099999999996,629.6699999999996,622.2199999999996,629.4399999999996,3805
2026-06-03T18:00:00+00:00,629.4399999999996,630.8699999999997,626.9699999999996,629.3899999999996,3495
2026-06-03T19:00:00+00:00,629.3899999999996,631.0099999999996,627.0199999999996,630.2399999999996,4919
2026-06-04T13:00:00+00:00,630.2399999999996,645.8199999999996,629.2199999999996,645.6199999999997,4923
2026-06-04T14:00:00+00:00,645.6199999999997,647.2099999999996,641.4399999999996,646.6199999999997,6403
2026-06-04T15:00:00+00:00,646.6199999999997,647.0899999999996,642.4199999999996,644.1899999999996,3839
2026-06-04T16:00:00+00:00,644.1899999999996,649.1899999999996,634.9699999999996,635.2599999999996,4000
2026-06-04T17:00:00+00:00,635.2599999999996,637.3399999999996,634.4099999999996,636.0199999999996,2752
2026-06-04T18:00:00+00:00,636.0199999999996,636.0199999999996,632.4099999999996,632.7299999999996,2849
2026-06-04T19:00:00+00:00,632.7299999999996,634.5199999999996,629.7899999999996,634.1899999999996,4339
2026-06-05T13:00:00+00:00,634.1899999999996,635.4499999999996,626.1899999999996,626.2099999999996,3076
2026-06-05T14:00:00+00:00,626.2099999999996,626.9699999999996,621.7699999999994,623.1999999999992,3962.091331384062
2026-06-05T15:00:00+00:00,623.1999999999992,624.3899999999993,617.5899999999992,619.1299999999992,3252.172236321755
2026-06-05T16:00:00+00:00,619.1299999999992,619.1399999999993,614.5199999999993,616.0199999999993,3977
2026-06-05T17:00:00+00:00,616.0199999999993,616.6399999999993,613.6099999999992,615.0899999999992,3174
2026-06-05T18:00:00+00:00,615.0899999999992,617.3299999999992,589.2799999999993,601.1199999999992,8277
2026-06-05T19:00:00+00:00,601.1199999999992,602.6299999999992,594.8199999999993,598.9299999999993,6169
2026-06-08T13:00:00+00:00,598.9299999999993,598.9299999999993,585.5199999999993,595.0499999999993,4003
2026-06-08T14:00:00+00:00,595.0499999999993,597.6999999999992,592.9499999999992,596.4899999999992,4191
2026-06-08T15:00:00+00:00,596.4899999999992,597.9099999999993,592.7199999999992,593.7199999999992,3479
2026-06-08T16:00:00+00:00,593.7199999999992,595.2699999999993,592.8999999999993,592.8999999999993,2900
2026-06-08T17:00:00+00:00,592.8999999999993,594.9599999999992,591.1499999999993,593.0799999999992,2886
2026-06-08T18:00:00+00:00,593.0799999999992,595.1999999999992,592.8299999999992,593.7999999999993,2454
2026-06-08T19:00:00+00:00,593.7999999999993,596.1399999999993,590.8699999999992,591.6199999999992,4088
2026-06-09T13:00:00+00:00,591.6199999999992,603.8699999999992,591.6199999999992,601.9499999999992,3770
2026-06-09T14:00:00+00:00,601.9499999999992,603.4499999999992,596.4999999999992,599.2099999999992,5573
2026-06-09T15:00:00+00:00,599.2099999999992,601.0499999999993,593.5399999999993,593.5399999999993,4716
2026-06-09T16:00:00+00:00,593.5399999999993,594.6099999999992,587.2999999999993,590.1199999999992,6918
2026-06-09T17:00:00+00:00,590.1199999999992,596.0399999999993,589.3099999999993,594.7299999999992,3761
2026-06-09T18:00:00+00:00,594.7299999999992,597.5899999999992,593.7999999999993,597.0299999999993,3506
2026-06-09T19:00:00+00:00,597.0299999999993,597.6699999999993,590.1999999999992,591.0599999999993,5064
2026-06-10T13:00:00+00:00,591.0599999999993,597.5499999999993,585.5699999999993,593.6499999999993,3172
2026-06-10T14:00:00+00:00,593.6499999999993,596.2199999999992,584.7399999999992,585.2899999999993,4346.207339009474
2026-06-10T15:00:00+00:00,585.2899999999993,587.0099999999993,581.4199999999993,585.8999999999993,4358
2026-06-10T16:00:00+00:00,585.8999999999993,585.9599999999992,582.5899999999992,583.7399999999993,2655
2026-06-10T17:00:00+00:00,583.7399999999993,584.2699999999993,580.2699999999993,581.6499999999993,2982
2026-06-10T18:00:00+00:00,581.6499999999993,583.3099999999993,578.7199999999992,578.7699999999993,2927
2026-06-10T19:00:00+00:00,578.7699999999993,579.9499999999992,576.5499999999993,577.2099999999992,4846
2026-06-11T13:00:00+00:00,577.2099999999992,577.2099999999992,567.3899999999993,569.5199999999993,3415
2026-06-11T14:00:00+00:00,569.5199999999993,571.3399999999992,563.9899999999993,564.6099999999993,5958
2026-06-11T15:00:00+00:00,564.6099999999993,568.9599999999992,563.3899999999993,567.2499999999993,3839
2026-06-11T16:00:00+00:00,567.2499999999993,571.2999999999993,566.5299999999993,566.6899999999993,3155
2026-06-11T17:00:00+00:00,566.6899999999993,575.1699999999993,564.1599999999993,574.8799999999993,4739
2026-06-11T18:00:00+00:00,574.8799999999993,575.1299999999993,571.4899999999993,573.4699999999992,3312
2026-06-11T19:00:00+00:00,573.4699999999992,578.5199999999993,573.2099999999992,574.6999999999992,5854
2026-06-12T13:00:00+00:00,574.6999999999992,582.2399999999993,567.1999999999992,570.2299999999993,3689
2026-06-12T14:00:00+00:00,570.2299999999993,577.1999999999992,569.4899999999993,576.7699999999993,4682.4058450510065
2026-06-12T15:00:00+00:00,576.7699999999993,580.9599999999994,575.1799999999993,575.5099999999993,4448
2026-06-12T16:00:00+00:00,575.5099999999993,578.6399999999993,574.3899999999993,576.4999999999993,3312
2026-06-12T17:00:00+00:00,576.4999999999993,579.1599999999993,572.1399999999993,572.8699999999993,2893
2026-06-12T18:00:00+00:00,572.8699999999993,573.7799999999993,571.3099999999993,572.3999999999993,2887
2026-06-12T19:00:00+00:00,572.3999999999993,574.3399999999993,569.6399999999993,573.4099999999993,3930
2026-06-15T13:00:00+00:00,573.4099999999993,598.6499999999993,573.4099999999993,598.0999999999993,4297
2026-06-15T14:00:00+00:00,598.0999999999993,601.0099999999993,594.9899999999993,600.6199999999993,4500
2026-06-15T15:00:00+00:00,600.6199999999993,607.0699999999993,599.9099999999993,606.1999999999994,4263
2026-06-15T16:00:00+00:00,606.1999999999994,607.6699999999993,602.4899999999993,603.2499999999993,3429
2026-06-15T17:00:00+00:00,603.2499999999993,603.6499999999993,600.6999999999994,601.5999999999993,2764
2026-06-15T18:00:00+00:00,601.5999999999993,602.4499999999994,600.5099999999993,601.0199999999993,2800
2026-06-15T19:00:00+00:00,601.0199999999993,601.0799999999994,597.0799999999994,599.6499999999993,4659
2026-06-16T13:00:00+00:00,599.6499999999993,612.1199999999993,598.7399999999993,608.5999999999993,3511
2026-06-16T14:00:00+00:00,608.5999999999993,611.8799999999993,598.4299999999993,602.3399999999993,4719
2026-06-16T15:00:00+00:00,602.3399999999993,605.1599999999993,600.8699999999993,601.4899999999993,2940
2026-06-16T16:00:00+00:00,601.4899999999993,604.0799999999994,601.0199999999993,603.5999999999993,2195
2026-06-16T17:00:00+00:00,603.5999999999993,604.0799999999994,601.5699999999993,602.3199999999993,2177
2026-06-16T18:00:00+00:00,602.3199999999993,606.6199999999993,602.2499999999993,605.9699999999993,2103
2026-06-16T19:00:00+00:00,605.9699999999993,607.6399999999993,603.2099999999994,606.4899999999993,4598
2026-06-17T13:00:00+00:00,606.4899999999993,606.4899999999993,591.1899999999993,591.3999999999993,5150
2026-06-17T14:00:00+00:00,591.3999999999993,593.6899999999993,587.4399999999993,588.4599999999994,10078.581228330857
2026-06-17T15:00:00+00:00,588.4599999999994,588.7699999999993,586.0499999999994,587.0799999999994,5070
2026-06-17T16:00:00+00:00,587.0799999999994,587.8399999999993,583.8499999999993,584.5999999999993,3244
2026-06-17T17:00:00+00:00,584.5999999999993,587.2099999999994,583.2099999999994,586.5599999999994,2975
2026-06-17T18:00:00+00:00,586.5599999999994,586.7099999999994,578.7299999999993,578.9899999999993,5843
2026-06-17T19:00:00+00:00,578.9899999999993,580.1199999999993,572.9399999999994,573.9799999999993,7274
2026-06-18T13:00:00+00:00,573.9799999999993,582.7299999999993,569.5499999999994,572.2199999999993,8046
2026-06-18T14:00:00+00:00,572.2199999999993,579.6699999999994,572.0499999999994,578.1499999999993,10834.208927749654
2026-06-18T15:00:00+00:00,578.1499999999993,585.0999999999992,577.0999999999992,583.3599999999992,7084
2026-06-18T16:00:00+00:00,583.3599999999992,584.4299999999993,580.8199999999993,583.7199999999992,5379
2026-06-18T17:00:00+00:00,583.7199999999992,585.3199999999993,582.6499999999993,582.8699999999992,4128
2026-06-18T18:00:00+00:00,582.8699999999992,583.0199999999993,579.6499999999993,582.6899999999993,4201
2026-06-18T19:00:00+00:00,582.6899999999993,586.5899999999992,579.5699999999993,583.7299999999992,6229
2026-06-22T13:00:00+00:00,583.7299999999992,583.7299999999992,573.8999999999993,581.3199999999993,6792
2026-06-22T14:00:00+00:00,581.3199999999993,581.8599999999992,568.0299999999993,569.1299999999992,9297
2026-06-22T15:00:00+00:00,569.1299999999992,571.0599999999993,566.3599999999992,569.1599999999993,6985
2026-06-22T16:00:00+00:00,569.1599999999993,569.5799999999992,566.8199999999993,568.6499999999993,4499
2026-06-22T17:00:00+00:00,568.6499999999993,571.0799999999992,567.9399999999993,570.3599999999992,4063
2026-06-22T18:00:00+00:00,570.3599999999992,572.5799999999992,569.9899999999992,571.5699999999993,3380
2026-06-22T19:00:00+00:00,571.5699999999993,572.5199999999993,568.7699999999993,570.3199999999993,4913
2026-06-23T13:00:00+00:00,570.3199999999993,578.7299999999992,567.5299999999993,578.0899999999992,7602
2026-06-23T14:00:00+00:00,578.0899999999992,578.2499999999992,571.7699999999993,572.1699999999993,10032
2026-06-23T15:00:00+00:00,572.1699999999993,572.4299999999993,568.5799999999992,570.4999999999992,6925
2026-06-23T16:00:00+00:00,570.4999999999992,575.1499999999993,569.5599999999993,572.7399999999992,6825
2026-06-23T17:00:00+00:00,572.7399999999992,574.1299999999992,570.3999999999993,571.2999999999993,5830
2026-06-23T18:00:00+00:00,571.2999999999993,571.4199999999993,568.1599999999993,569.2299999999992,4744
2026-06-23T19:00:00+00:00,569.2299999999992,570.9299999999993,568.4899999999992,568.4999999999992,7050
2026-06-24T13:00:00+00:00,568.4999999999992,575.3499999999992,563.9599999999992,568.6999999999992,3786
2026-06-24T14:00:00+00:00,568.6999999999992,572.7299999999992,566.2599999999992,572.7199999999992,4217.754111842105
2026-06-24T15:00:00+00:00,572.7199999999992,574.6599999999993,569.1699999999993,569.5399999999993,3783
2026-06-24T16:00:00+00:00,569.5399999999993,571.1699999999993,565.5799999999992,565.6999999999992,3142
2026-06-24T17:00:00+00:00,565.6999999999992,566.6999999999992,562.2499999999992,562.9199999999993,4186
2026-06-24T18:00:00+00:00,562.9199999999993,567.5699999999993,562.7999999999993,564.6299999999992,4300
2026-06-24T19:00:00+00:00,564.6299999999992,566.0399999999993,563.2599999999992,564.4199999999993,6361
2026-06-25T13:00:00+00:00,564.4199999999993,564.4199999999993,546.8399999999992,554.3299999999992,5624
2026-06-25T14:00:00+00:00,554.3299999999992,562.9499999999992,553.3899999999992,559.2699999999992,5227
2026-06-25T15:00:00+00:00,559.2699999999992,561.1499999999992,555.7699999999992,556.4399999999993,4181
2026-06-25T16:00:00+00:00,556.4399999999993,556.6099999999992,552.1999999999992,553.2799999999992,3488
2026-06-25T17:00:00+00:00,553.2799999999992,553.5299999999992,549.7099999999992,551.9599999999992,3295
2026-06-25T18:00:00+00:00,551.9599999999992,555.1299999999992,549.9099999999993,553.1699999999993,3442
2026-06-25T19:00:00+00:00,553.1699999999993,553.4499999999992,549.0199999999992,549.6599999999993,5729
2026-06-26T13:00:00+00:00,549.6599999999993,552.2699999999992,547.0999999999992,549.1699999999993,4084
2026-06-26T14:00:00+00:00,549.1699999999993,560.1099999999992,548.8099999999993,558.9999999999992,4785.45894881484
2026-06-26T15:00:00+00:00,558.9999999999992,563.3599999999992,558.7299999999992,562.3199999999993,4221
2026-06-26T16:00:00+00:00,562.3199999999993,563.5099999999992,559.7299999999992,560.0599999999991,3536
2026-06-26T17:00:00+00:00,560.0599999999991,561.9399999999993,559.7299999999992,561.4599999999992,2795
2026-06-26T18:00:00+00:00,561.4599999999992,562.5699999999993,556.4999999999992,556.8699999999992,3180
2026-06-26T19:00:00+00:00,556.8699999999992,558.6099999999992,555.5399999999992,555.8799999999992,5368
2026-06-29T13:00:00+00:00,555.8799999999992,577.4299999999992,555.8799999999992,573.0499999999992,5777
2026-06-29T14:00:00+00:00,573.0499999999992,576.0399999999992,571.1699999999992,572.0299999999992,6309
2026-06-29T15:00:00+00:00,572.0299999999992,573.7399999999992,569.0699999999993,571.2399999999992,3488
2026-06-29T16:00:00+00:00,571.2399999999992,572.4699999999992,569.7399999999992,571.6499999999992,2979
2026-06-29T17:00:00+00:00,571.6499999999992,572.7599999999992,570.7299999999992,571.8199999999993,2847
2026-06-29T18:00:00+00:00,571.8199999999993,573.3399999999992,571.1899999999993,572.0899999999992,2520
2026-06-29T19:00:00+00:00,572.0899999999992,574.0499999999992,568.7399999999992,569.2299999999992,4861
2026-06-30T13:00:00+00:00,569.2299999999992,569.2299999999992,561.5299999999992,563.0199999999992,3468
2026-06-30T14:00:00+00:00,563.0199999999992,563.8699999999992,558.1899999999993,558.7299999999992,3806
2026-06-30T15:00:00+00:00,558.7299999999992,564.0799999999992,558.7299999999992,563.8599999999992,3279
2026-06-30T16:00:00+00:00,563.8599999999992,565.7299999999992,561.9299999999992,565.6699999999992,2588
2026-06-30T17:00:00+00:00,565.6699999999992,567.1999999999992,564.8199999999993,566.4299999999992,2546
2026-06-30T18:00:00+00:00,566.4299999999992,568.3599999999992,565.6699999999992,567.3799999999992,2625
2026-06-30T19:00:00+00:00,567.3799999999992,572.1799999999992,567.1299999999992,569.5699999999993,4518
2026-07-01T13:00:00+00:00,569.5699999999993,616.9999999999992,569.5699999999993,613.1399999999992,7695
2026-07-01T14:00:00+00:00,613.1399999999992,631.7299999999992,612.5199999999992,629.3799999999992,12433.98432601881
2026-07-01T15:00:00+00:00,629.3799999999992,634.9899999999991,622.3899999999992,624.3099999999991,9724
2026-07-01T16:00:00+00:00,624.3099999999991,627.4499999999991,622.2899999999992,623.5699999999991,6115
2026-07-01T17:00:00+00:00,623.5699999999991,629.5899999999991,623.5299999999992,628.0899999999991,5054
2026-07-01T18:00:00+00:00,628.0899999999991,628.5199999999992,624.4899999999991,624.9299999999992,4544
2026-07-01T19:00:00+00:00,624.9299999999992,625.7099999999991,617.8199999999991,619.8699999999991,7023
2026-07-02T13:00:00+00:00,619.8699999999991,619.8699999999991,598.0099999999992,599.0899999999991,6231
2026-07-02T14:00:00+00:00,599.0899999999991,600.8399999999991,594.9899999999991,596.8399999999991,8472.926333872272
2026-07-02T15:00:00+00:00,596.8399999999991,597.3299999999991,592.6799999999992,593.9499999999991,6054
2026-07-02T16:00:00+00:00,593.9499999999991,594.2299999999991,591.1299999999991,591.4899999999991,4152
2026-07-02T17:00:00+00:00,591.4899999999991,592.8799999999991,590.5299999999991,591.1299999999991,3232
2026-07-02T18:00:00+00:00,591.1299999999991,593.5899999999991,587.2399999999991,591.6299999999991,3629
2026-07-02T19:00:00+00:00,591.6299999999991,594.3699999999991,588.4699999999991,589.5799999999991,5786
2026-07-06T13:00:00+00:00,589.5799999999991,603.7699999999991,588.8399999999991,588.9099999999991,5250
2026-07-06T14:00:00+00:00,588.9099999999991,596.8199999999991,588.6299999999991,595.1699999999992,5571
2026-07-06T15:00:00+00:00,595.1699999999992,599.6199999999991,594.8399999999991,599.5799999999991,4241
2026-07-06T16:00:00+00:00,599.5799999999991,604.8999999999991,598.3799999999991,598.8799999999991,4227
2026-07-06T17:00:00+00:00,598.8799999999991,601.8499999999991,598.8399999999991,600.5499999999992,3825
2026-07-06T18:00:00+00:00,600.5499999999992,609.1999999999991,600.1299999999991,606.5299999999991,4984
2026-07-06T19:00:00+00:00,606.5299999999991,610.3499999999991,605.8699999999991,607.0799999999991,5811
2026-07-07T13:00:00+00:00,607.0799999999991,620.8799999999991,607.0799999999991,619.1699999999992,6692
2026-07-07T14:00:00+00:00,619.1699999999992,622.6499999999991,611.3599999999991,612.0399999999992,9322
2026-07-07T15:00:00+00:00,612.0399999999992,613.7799999999991,610.8299999999991,611.8499999999991,5585
2026-07-07T16:00:00+00:00,611.8499999999991,616.1099999999991,610.4299999999992,614.0999999999991,3637
2026-07-07T17:00:00+00:00,614.0999999999991,616.6499999999991,611.3599999999991,616.3299999999991,3134
2026-07-07T18:00:00+00:00,616.3299999999991,632.0799999999991,616.3299999999991,626.4299999999992,8289
2026-07-07T19:00:00+00:00,626.4299999999992,627.9599999999991,620.8799999999991,622.2899999999992,6982
2026-07-08T13:00:00+00:00,622.2899999999992,622.2899999999992,607.4299999999992,609.1699999999992,5401
2026-07-08T14:00:00+00:00,609.1699999999992,613.3799999999991,607.0499999999992,608.2599999999991,5786.529538131042
2026-07-08T15:00:00+00:00,608.2599999999991,611.3399999999991,607.799999999999,610.6199999999991,4167
2026-07-08T16:00:00+00:00,610.6199999999991,612.289999999999,609.5199999999991,611.0999999999991,3370
2026-07-08T17:00:00+00:00,611.0999999999991,613.549999999999,610.2399999999991,611.9099999999991,2569
2026-07-08T18:00:00+00:00,611.9099999999991,614.2099999999991,611.5199999999991,613.919999999999,2854
2026-07-08T19:00:00+00:00,613.919999999999,614.579999999999,604.9999999999991,610.2399999999991,5352
2026-07-09T13:00:00+00:00,610.2399999999991,610.2399999999991,583.9999999999991,597.039999999999,5406
2026-07-09T14:00:00+00:00,597.039999999999,607.4899999999991,597.0099999999991,606.4099999999991,10022
2026-07-09T15:00:00+00:00,606.4099999999991,615.579999999999,606.1399999999991,615.1099999999991,5997
2026-07-09T16:00:00+00:00,615.1099999999991,623.2499999999991,614.679999999999,619.8799999999991,6400
2026-07-09T17:00:00+00:00,619.8799999999991,620.7299999999991,617.0299999999991,618.1099999999991,4209
2026-07-09T18:00:00+00:00,618.1099999999991,623.789999999999,618.0199999999991,622.6099999999991,4212
2026-07-09T19:00:00+00:00,622.6099999999991,640.199999999999,622.3399999999991,638.539999999999,8989
2026-07-10T13:00:00+00:00,638.539999999999,683.9799999999991,638.539999999999,679.7299999999991,10191
2026-07-10T14:00:00+00:00,679.7299999999991,684.799999999999,669.0999999999991,676.6099999999991,11850.94384359401
2026-07-10T15:00:00+00:00,676.6099999999991,682.2699999999991,674.1899999999991,676.7399999999991,7653
2026-07-10T16:00:00+00:00,676.7399999999991,678.679999999999,673.1999999999991,675.1499999999991,5266
2026-07-10T17:00:00+00:00,675.1499999999991,675.1999999999991,668.9999999999991,672.2499999999991,4635
2026-07-10T18:00:00+00:00,672.2499999999991,677.6299999999991,671.9899999999991,675.5999999999991,4772
2026-07-10T19:00:00+00:00,675.5999999999991,678.0799999999991,670.559999999999,675.9699999999991,6588
2026-07-13T13:00:00+00:00,675.9699999999991,683.289999999999,666.0899999999991,670.6499999999991,7871
2026-07-13T14:00:00+00:00,670.6499999999991,671.5199999999991,661.1299999999991,668.2399999999991,7882
2026-07-13T15:00:00+00:00,668.2399999999991,671.419999999999,665.0199999999991,667.1599999999991,5325
2026-07-13T16:00:00+00:00,667.1599999999991,671.2799999999991,665.4899999999991,665.4899999999991,4809
2026-07-13T17:00:00+00:00,665.4899999999991,669.7399999999991,664.6399999999991,667.2499999999991,4268
2026-07-13T18:00:00+00:00,667.2499999999991,670.3899999999991,666.5799999999991,668.9399999999991,3988
2026-07-13T19:00:00+00:00,668.9399999999991,669.539999999999,661.3999999999991,663.9799999999991,5018
2026-07-14T13:00:00+00:00,663.9799999999991,669.419999999999,655.9899999999991,667.6099999999991,7270
2026-07-14T14:00:00+00:00,667.6099999999991,671.049999999999,662.3299999999991,669.169999999999,10597
2026-07-14T15:00:00+00:00,669.169999999999,670.3499999999991,662.5199999999991,663.2799999999991,5687
2026-07-14T16:00:00+00:00,663.2799999999991,673.3499999999991,661.9899999999991,671.0299999999991,4409
2026-07-14T17:00:00+00:00,671.0299999999991,671.539999999999,667.4799999999991,668.1199999999991,3346
2026-07-14T18:00:00+00:00,668.1199999999991,670.299999999999,665.1599999999991,665.5099999999991,2904
2026-07-14T19:00:00+00:00,665.5099999999991,669.549999999999,664.419999999999,667.9799999999991,4838
2026-07-15T13:00:00+00:00,667.9799999999991,671.5899999999991,663.6399999999991,666.7199999999991,6960
2026-07-15T14:00:00+00:00,666.7199999999991,682.9599999999991,666.4499999999991,678.2099999999991,11359.212200386231
2026-07-15T15:00:00+00:00,678.2099999999991,691.919999999999,677.0199999999991,690.3699999999991,9265
2026-07-15T16:00:00+00:00,690.3699999999991,692.8399999999991,681.3199999999991,682.7799999999991,7123
2026-07-15T17:00:00+00:00,682.7799999999991,683.8399999999991,680.3499999999991,683.669999999999,4278
2026-07-15T18:00:00+00:00,683.669999999999,685.0999999999991,680.3599999999991,682.929999999999,3043
2026-07-15T19:00:00+00:00,682.929999999999,688.9399999999991,682.5799999999991,688.3899999999991,5222
2026-07-16T13:00:00+00:00,688.3899999999991,688.3899999999991,673.3299999999991,677.8399999999991,7552
2026-07-16T14:00:00+00:00,677.8399999999991,688.679999999999,676.9799999999991,687.2499999999991,7123
2026-07-16T15:00:00+00:00,687.2499999999991,687.5199999999991,681.1899999999991,681.1999999999991,6115
2026-07-16T16:00:00+00:00,681.1999999999991,681.4099999999991,674.9799999999991,677.0299999999991,4978
2026-07-16T17:00:00+00:00,677.0299999999991,677.289999999999,674.4799999999991,675.549999999999,3277
2026-07-16T18:00:00+00:00,675.549999999999,680.6999999999991,673.6399999999991,674.7199999999991,6088
2026-07-16T19:00:00+00:00,674.7199999999991,675.3399999999991,667.049999999999,671.2699999999991,6046
2026-07-17T13:00:00+00:00,671.2699999999991,671.2699999999991,643.4799999999991,648.5799999999991,7649
2026-07-17T14:00:00+00:00,648.5799999999991,648.8399999999991,632.899999999999,633.339999999999,8141.41431746403
2026-07-17T15:00:00+00:00,633.339999999999,639.5599999999989,632.859999999999,639.399999999999,5161
2026-07-17T16:00:00+00:00,639.399999999999,657.0399999999989,637.109999999999,655.949999999999,10883
2026-07-17T17:00:00+00:00,655.949999999999,658.879999999999,652.389999999999,656.159999999999,4988
2026-07-17T18:00:00+00:00,656.159999999999,656.7999999999989,652.149999999999,652.719999999999,3138
2026-07-17T19:00:00+00:00,652.719999999999,654.709999999999,647.969999999999,652.6899999999989,5672
2026-07-20T13:00:00+00:00,652.6899999999989,653.5499999999989,642.959999999999,643.869999999999,5189
2026-07-20T14:00:00+00:00,643.869999999999,652.6899999999989,642.959999999999,651.7899999999989,3710
2026-07-20T15:00:00+00:00,651.7899999999989,656.369999999999,650.9399999999989,653.989999999999,3549
2026-07-20T16:00:00+00:00,653.989999999999,659.839999999999,653.609999999999,658.5399999999989,3372
2026-07-20T17:00:00+00:00,658.5399999999989,658.5599999999989,654.209999999999,654.6699999999989,2592
2026-07-20T18:00:00+00:00,654.6699999999989,656.479999999999,652.5499999999989,655.099999999999,2589
2026-07-20T19:00:00+00:00,655.099999999999,657.849999999999,651.869999999999,652.5399999999989,4182
2026-07-21T13:00:00+00:00,652.5399999999989,661.879999999999,649.909999999999,654.869999999999,4539
2026-07-21T14:00:00+00:00,654.869999999999,656.589999999999,651.659999999999,654.229999999999,4529
2026-07-21T15:00:00+00:00,654.229999999999,655.5399999999989,652.359999999999,654.109999999999,3180
2026-07-21T16:00:00+00:00,654.109999999999,657.339999999999,652.779999999999,654.7999999999989,2542
2026-07-21T17:00:00+00:00,654.7999999999989,655.489999999999,651.449999999999,654.0599999999989,2736
2026-07-21T18:00:00+00:00,654.0599999999989,654.509999999999,652.859999999999,653.5499999999989,2043
2026-07-21T19:00:00+00:00,653.5499999999989,656.6899999999989,650.109999999999,650.399999999999,2955
2026-07-22T13:00:00+00:00,650.399999999999,653.649999999999,637.139999999999,639.409999999999,4048
2026-07-22T14:00:00+00:00,639.409999999999,643.199999999999,634.889999999999,636.419999999999,4506.062717770035
2026-07-22T15:00:00+00:00,636.419999999999,637.7599999999991,634.709999999999,635.6599999999991,2882
2026-07-22T16:00:00+00:00,635.6599999999991,637.1599999999991,635.0099999999991,636.8799999999991,1785
2026-07-22T17:00:00+00:00,636.8799999999991,637.5299999999991,631.919999999999,632.2699999999991,1928
2026-07-22T18:00:00+00:00,632.2699999999991,633.729999999999,632.0099999999991,633.189999999999,1777
2026-07-22T19:00:00+00:00,633.189999999999,635.7499999999991,630.9099999999991,634.1199999999991,3724
2026-07-23T13:00:00+00:00,634.1199999999991,634.1199999999991,612.239999999999,617.429999999999,5101
2026-07-23T14:00:00+00:00,617.429999999999,617.689999999999,608.939999999999,608.939999999999,5193
2026-07-23T15:00:00+00:00,608.939999999999,609.309999999999,604.069999999999,608.419999999999,4032
2026-07-23T16:00:00+00:00,608.419999999999,612.969999999999,607.929999999999,612.089999999999,3465
2026-07-23T17:00:00+00:00,612.089999999999,614.539999999999,610.9099999999991,613.189999999999,2837
2026-07-23T18:00:00+00:00,613.189999999999,614.479999999999,611.9099999999991,613.039999999999,2011
2026-07-23T19:00:00+00:00,613.039999999999,614.979999999999,609.919999999999,612.599999999999,3957
2026-07-24T13:00:00+00:00,612.599999999999,613.839999999999,608.359999999999,608.5099999999991,4719
2026-07-24T14:00:00+00:00,608.5099999999991,613.609999999999,607.449999999999,613.589999999999,5805
2026-07-24T15:00:00+00:00,613.589999999999,616.699999999999,611.6199999999991,612.309999999999,4843
2026-07-24T16:00:00+00:00,612.309999999999,612.6399999999991,606.949999999999,607.429999999999,2655
2026-07-24T17:00:00+00:00,607.429999999999,610.699999999999,605.9099999999991,608.6299999999991,2381
2026-07-24T18:00:00+00:00,608.6299999999991,609.719999999999,605.9099999999991,606.679999999999,2619
2026-07-24T19:00:00+00:00,606.679999999999,608.1299999999991,600.959999999999,602.2699999999991,3775
2026-07-27T13:00:00+00:00,602.2699999999991,617.219999999999,602.2699999999991,612.059999999999,4931
2026-07-27T14:00:00+00:00,612.059999999999,616.239999999999,605.9099999999991,609.7599999999991,6950
2026-07-27T15:00:00+00:00,609.7599999999991,613.819999999999,607.709999999999,607.799999999999,4851
2026-07-27T16:00:00+00:00,607.799999999999,608.479999999999,603.9099999999991,604.349999999999,3667
2026-07-27T17:00:00+00:00,604.349999999999,604.6299999999991,601.309999999999,601.679999999999,2062
2026-07-27T18:00:00+00:00,601.679999999999,604.249999999999,599.969999999999,603.279999999999,2345.1608132794418
2026-07-27T19:00:00+00:00,603.279999999999,603.279999999999,599.4199999999989,600.369999999999,2624
2026-07-28T13:00:00+00:00,600.369999999999,606.6099999999989,597.4199999999989,599.269999999999,7371
2026-07-28T14:00:00+00:00,599.269999999999,601.2299999999989,595.749999999999,595.8499999999989,7562
2026-07-28T15:00:00+00:00,595.8499999999989,601.8399999999989,593.409999999999,601.5999999999989,5021
2026-07-28T16:00:00+00:00,601.5999999999989,604.3199999999989,600.269999999999,600.629999999999,3583
2026-07-28T17:00:00+00:00,600.629999999999,601.159999999999,598.4399999999989,600.519999999999,3849
2026-07-28T18:00:00+00:00,600.519999999999,601.1999999999989,598.2099999999989,600.7099999999989,3329
2026-07-28T19:00:00+00:00,600.7099999999989,601.5699999999989,598.9199999999989,600.2399999999989,3688
2026-07-29T13:00:00+00:00,600.2399999999989,600.7199999999989,593.4399999999989,595.659999999999,4066
2026-07-29T14:00:00+00:00,595.659999999999,597.6799999999989,592.7399999999989,594.9199999999989,4807
2026-07-29T15:00:00+00:00,594.9199999999989,599.269999999999,591.619999999999,592.9899999999989,3994
2026-07-29T16:00:00+00:00,592.9899999999989,599.5999999999989,591.619999999999,599.129999999999,3095
2026-07-29T17:00:00+00:00,599.129999999999,601.4399999999989,598.409999999999,599.4299999999989,2844
2026-07-29T18:00:00+00:00,599.4299999999989,606.1099999999989,599.269999999999,604.029999999999,4448
2026-07-29T19:00:00+00:00,604.029999999999,604.3399999999989,588.639999999999,593.2999999999989,7050
2026-07-30T13:00:00+00:00,593.2999999999989,593.2999999999989,531.2099999999989,538.4899999999989,7630
2026-07-30T14:00:00+00:00,538.4899999999989,542.2299999999989,533.909999999999,540.2299999999989,11017
2026-07-30T15:00:00+00:00,540.2299999999989,545.139999999999,538.4299999999989,538.519999999999,7003
2026-07-30T16:00:00+00:00,538.519999999999,543.2299999999989,536.159999999999,537.159999999999,6943
2026-07-30T17:00:00+00:00,537.159999999999,541.2999999999989,536.779999999999,539.0599999999989,4404
2026-07-30T18:00:00+00:00,539.0599999999989,541.2099999999989,538.029999999999,540.909999999999,4198
2026-07-30T19:00:00+00:00,540.909999999999,546.249999999999,538.4299999999989,545.0899999999989,4690
2026-07-31T13:00:00+00:00,545.0899999999989,564.0999999999989,545.0899999999989,552.5699999999989,5498
2026-07-31T14:00:00+00:00,552.5699999999989,558.639999999999,549.159999999999,557.409999999999,7232
2026-07-31T15:00:00+00:00,557.409999999999,559.3399999999989,546.629999999999,552.2199999999989,5623
2026-07-31T16:00:00+00:00,552.2199999999989,558.3399999999989,551.7899999999989,554.9199999999989,4495
2026-07-31T17:00:00+00:00,554.9199999999989,556.2999999999989,552.759999999999,555.0799999999989,4027
2026-07-31T18:00:00+00:00,555.0799999999989,557.9799999999989,553.7199999999989,556.9799999999989,4288
2026-07-31T19:00:00+00:00,556.9799999999989,564.5899999999989,556.7299999999989,563.2999999999989,5411
2026-08-03T13:00:00+00:00,563.2999999999989,599.9899999999989,563.2999999999989,596.5499999999989,6716
2026-08-03T14:00:00+00:00,596.5499999999989,600.769999999999,588.999999999999,594.5699999999989,8022
2026-08-03T15:00:00+00:00,594.5699999999989,601.1699999999989,594.5699999999989,598.8199999999989,4534
2026-08-03T16:00:00+00:00,598.8199999999989,603.769999999999,597.6099999999989,599.5499999999989,3911
2026-08-03T17:00:00+00:00,599.5499999999989,600.7299999999989,596.0999999999989,596.6699999999989,3230
2026-08-03T18:00:00+00:00,596.6699999999989,600.3399999999989,595.4199999999989,599.8099999999989,3355
2026-08-03T19:00:00+00:00,599.8099999999989,600.4799999999989,595.5799999999989,597.0899999999989,4269
2026-08-04T13:00:00+00:00,597.0899999999989,597.0899999999989,585.7299999999989,591.3499999999989,4310
2026-08-04T14:00:00+00:00,591.3499999999989,591.909999999999,587.5999999999989,587.7099999999989,4868
2026-08-04T15:00:00+00:00,587.7099999999989,590.5999999999989,587.4299999999989,589.9599999999989,3226
2026-08-04T16:00:00+00:00,589.9599999999989,590.529999999999,584.639999999999,587.009999999999,2969
2026-08-04T17:00:00+00:00,587.009999999999,595.9899999999989,587.009999999999,593.8399999999989,3680
2026-08-04T18:00:00+00:00,593.8399999999989,596.1899999999989,593.409999999999,594.629999999999,2548
2026-08-04T19:00:00+00:00,594.629999999999,599.1099999999989,593.409999999999,594.2399999999989,4496
2026-08-05T13:00:00+00:00,594.2399999999989,607.139999999999,594.2399999999989,600.899999999999,4935
2026-08-05T14:00:00+00:00,600.899999999999,602.6999999999989,596.409999999999,597.1599999999988,5389.565558754253
2026-08-05T15:00:00+00:00,597.1599999999988,598.7599999999987,588.4399999999988,588.4599999999988,4467
2026-08-05T16:00:00+00:00,588.4599999999988,591.7999999999988,586.5399999999988,591.4999999999987,4774
2026-08-05T17:00:00+00:00,591.4999999999987,591.4999999999987,588.9299999999988,589.6899999999988,2479
2026-08-05T18:00:00+00:00,589.6899999999988,590.5599999999988,588.6799999999988,588.6799999999988,2274
2026-08-05T19:00:00+00:00,588.6799999999988,596.5699999999988,586.6499999999988,595.7299999999988,5778
2026-08-06T13:00:00+00:00,595.7299999999988,601.8099999999987,592.5299999999987,599.9099999999987,4392
2026-08-06T14:00:00+00:00,599.9099999999987,600.7899999999987,594.8799999999987,599.5399999999987,4714
2026-08-06T15:00:00+00:00,599.5399999999987,599.5599999999987,594.0199999999987,594.7099999999988,2690
2026-08-06T16:00:00+00:00,594.7099999999988,597.4699999999988,594.0399999999987,596.4299999999987,2891
2026-08-06T17:00:00+00:00,596.4299999999987,597.8499999999988,594.0699999999987,596.2199999999988,2321
2026-08-06T18:00:00+00:00,596.2199999999988,598.1299999999987,594.8699999999988,596.4499999999987,2343
2026-08-06T19:00:00+00:00,596.4499999999987,597.7999999999987,594.1299999999987,596.7199999999988,3161
2026-08-07T13:00:00+00:00,596.7199999999988,603.5699999999987,591.4799999999988,595.8799999999987,3980
2026-08-07T14:00:00+00:00,595.8799999999987,605.5399999999987,595.2199999999988,605.1599999999987,5399
2026-08-07T15:00:00+00:00,605.1599999999987,605.3899999999987,601.2799999999987,601.4799999999988,2828
2026-08-07T16:00:00+00:00,601.4799999999988,601.7299999999988,599.0699999999987,599.1899999999987,2445
2026-08-07T17:00:00+00:00,599.1899999999987,599.5499999999987,597.6699999999987,599.0999999999988,2301
2026-08-07T18:00:00+00:00,599.0999999999988,599.4899999999988,596.8899999999986,598.1499999999986,1822
2026-08-07T19:00:00+00:00,598.1499999999986,602.2399999999986,597.8399999999987,599.2299999999987,3460
2026-08-10T13:00:00+00:00,599.2299999999987,611.1399999999986,599.2299999999987,603.4099999999986,4446
2026-08-10T14:00:00+00:00,603.4099999999986,614.9499999999987,601.8399999999987,609.4699999999987,7480
2026-08-10T15:00:00+00:00,609.4699999999987,609.7199999999987,605.1399999999986,606.4399999999987,3143
2026-08-10T16:00:00+00:00,606.4399999999987,606.9699999999987,599.1199999999986,600.6499999999986,3992
2026-08-10T17:00:00+00:00,600.6499999999986,601.6399999999986,599.3399999999987,600.3599999999986,2688
2026-08-10T18:00:00+00:00,600.3599999999986,601.9299999999987,599.3499999999987,601.5299999999986,2458
2026-08-10T19:00:00+00:00,601.5299999999986,602.2599999999986,598.8499999999987,601.6399999999986,3537
2026-08-11T13:00:00+00:00,601.6399999999986,610.0599999999987,600.2399999999986,609.3599999999986,3867
2026-08-11T14:00:00+00:00,609.3599999999986,619.0499999999987,609.3599999999986,616.4399999999987,6321
2026-08-11T15:00:00+00:00,616.4399999999987,617.6799999999987,611.5499999999987,611.9799999999987,3673
2026-08-11T16:00:00+00:00,611.9799999999987,613.5699999999987,609.9699999999987,610.4799999999987,2057
2026-08-11T17:00:00+00:00,610.4799999999987,612.4899999999986,609.6699999999986,611.0599999999987,1721
2026-08-11T18:00:00+00:00,611.0599999999987,611.6099999999986,609.3399999999987,609.3799999999986,1856
2026-08-11T19:00:00+00:00,609.3799999999986,609.6599999999986,604.8599999999986,605.8799999999986,3479
2026-08-12T13:00:00+00:00,605.8799999999986,610.6399999999986,595.9999999999986,596.8399999999987,4190
2026-08-12T14:00:00+00:00,596.8399999999987,597.3599999999986,590.8999999999986,592.5899999999986,5050.024299323484
2026-08-12T15:00:00+00:00,592.5899999999986,593.4599999999986,587.9799999999985,588.0299999999985,3649
2026-08-12T16:00:00+00:00,588.0299999999985,589.7399999999985,587.5599999999986,588.7599999999985,3469
2026-08-12T17:00:00+00:00,588.7599999999985,589.2599999999985,585.0499999999985,585.5599999999986,3342
2026-08-12T18:00:00+00:00,585.5599999999986,590.4399999999986,585.3499999999985,586.5899999999986,3454
2026-08-12T19:00:00+00:00,586.5899999999986,588.9399999999986,584.8999999999985,585.7799999999985,3968
2026-08-13T13:00:00+00:00,585.7799999999985,596.4999999999985,585.7799999999985,594.8799999999985,3577
2026-08-13T14:00:00+00:00,594.8799999999985,597.6099999999985,594.0999999999985,597.5499999999985,3211
2026-08-13T15:00:00+00:00,597.5499999999985,597.7999999999985,591.5999999999985,593.1899999999986,2778
2026-08-13T16:00:00+00:00,593.1899999999986,595.4999999999985,591.9599999999986,594.6099999999985,2245
2026-08-13T17:00:00+00:00,594.6099999999985,596.2699999999985,594.3599999999985,595.1899999999986,1701
2026-08-13T18:00:00+00:00,595.1899999999986,600.0099999999985,594.8499999999985,599.4999999999985,1856
2026-08-13T19:00:00+00:00,599.4999999999985,602.6199999999985,598.8499999999985,601.7399999999985,3361
2026-08-14T13:00:00+00:00,601.7399999999985,608.1899999999986,601.3499999999985,604.1899999999986,3391
2026-08-14T14:00:00+00:00,604.1899999999986,606.6899999999986,599.8299999999984,599.9499999999985,3977.2898466033603
2026-08-14T15:00:00+00:00,599.9499999999985,601.8599999999984,598.5199999999984,601.3199999999985,3028
2026-08-14T16:00:00+00:00,601.3199999999985,601.4199999999984,597.6699999999984,598.4499999999985,2396
2026-08-14T17:00:00+00:00,598.4499999999985,599.2399999999984,597.4999999999984,598.2699999999984,1585
2026-08-14T18:00:00+00:00,598.2699999999984,598.7999999999984,597.7999999999984,598.5299999999984,1566
2026-08-14T19:00:00+00:00,598.5299999999984,598.6499999999984,595.8599999999984,596.4799999999984,2671
2026-08-17T13:00:00+00:00,596.4799999999984,596.5699999999985,584.9499999999985,586.6599999999984,3510
2026-08-17T14:00:00+00:00,586.6599999999984,587.5699999999985,580.0899999999984,580.9599999999984,5051
2026-08-17T15:00:00+00:00,580.9599999999984,581.8799999999984,579.6599999999984,580.5899999999984,3267
2026-08-17T16:00:00+00:00,580.5899999999984,580.5899999999984,573.4499999999985,575.7099999999984,4812
2026-08-17T17:00:00+00:00,575.7099999999984,575.7099999999984,571.5799999999984,572.3599999999984,4385
2026-08-17T18:00:00+00:00,572.3599999999984,574.6199999999984,572.3499999999984,573.9699999999984,3166
2026-08-17T19:00:00+00:00,573.9699999999984,576.7999999999984,573.6499999999984,575.9599999999984,5176
2026-08-18T13:00:00+00:00,575.9599999999984,575.9599999999984,553.4599999999984,554.5899999999984,4843
2026-08-18T14:00:00+00:00,554.5899999999984,556.8499999999984,552.2999999999984,556.3499999999984,6108
2026-08-18T15:00:00+00:00,556.3499999999984,562.4199999999984,556.3499999999984,561.2999999999984,4777
2026-08-18T16:00:00+00:00,561.2999999999984,562.0899999999984,556.9999999999984,557.2199999999984,4133
2026-08-18T17:00:00+00:00,557.2199999999984,558.1199999999984,553.1999999999985,554.0599999999985,4190
2026-08-18T18:00:00+00:00,554.0599999999985,556.1599999999984,551.8999999999984,552.0399999999984,3696
2026-08-18T19:00:00+00:00,552.0399999999984,553.0699999999985,550.0499999999984,550.6399999999984,5358
2026-08-19T13:00:00+00:00,550.6399999999984,553.0799999999984,544.1299999999984,551.5499999999984,4965
2026-08-19T14:00:00+00:00,551.5499999999984,556.6999999999985,551.0599999999985,555.8299999999984,5336.510520657349
2026-08-19T15:00:00+00:00,555.8299999999984,560.2899999999985,553.8199999999985,558.8999999999985,3687
2026-08-19T16:00:00+00:00,558.8999999999985,560.9199999999985,557.9799999999984,559.8099999999985,2804
2026-08-19T17:00:00+00:00,559.8099999999985,560.4699999999984,558.5399999999985,558.9599999999984,2383
2026-08-19T18:00:00+00:00,558.9599999999984,559.7899999999985,556.4399999999985,558.1599999999985,2920
2026-08-19T19:00:00+00:00,558.1599999999985,558.7499999999984,551.9799999999984,553.3699999999984,4231
2026-08-20T13:00:00+00:00,553.3699999999984,556.5699999999985,550.5399999999985,554.3499999999984,3852
2026-08-20T14:00:00+00:00,554.3499999999984,554.3499999999984,550.0399999999985,551.7899999999985,4807
2026-08-20T15:00:00+00:00,551.7899999999985,552.1899999999985,548.8199999999985,549.5399999999985,4706
2026-08-20T16:00:00+00:00,549.5399999999985,552.6599999999985,548.5199999999984,550.1999999999985,2803
2026-08-20T17:00:00+00:00,550.1999999999985,550.5799999999984,547.1699999999985,547.3899999999984,3025
2026-08-20T18:00:00+00:00,547.3899999999984,547.9999999999984,546.2799999999985,547.1599999999985,3378
2026-08-20T19:00:00+00:00,547.1599999999985,554.5599999999985,547.1399999999984,552.8299999999984,4316
2026-08-21T13:00:00+00:00,552.8299999999984,559.3999999999985,549.9499999999985,556.6599999999985,3355
2026-08-21T14:00:00+00:00,556.6599999999985,559.7099999999984,555.9399999999985,559.3299999999984,3876
2026-08-21T15:00:00+00:00,559.3299999999984,560.7299999999984,554.7999999999985,556.7099999999984,3246
2026-08-21T16:00:00+00:00,556.7099999999984,559.9699999999984,555.8199999999985,558.9499999999985,2712
2026-08-21T17:00:00+00:00,558.9499999999985,560.3699999999984,556.2499999999984,556.5499999999985,2839
2026-08-21T18:00:00+00:00,556.5499999999985,558.4499999999985,555.8299999999984,558.0599999999985,2590
2026-08-21T19:00:00+00:00,558.0599999999985,558.2299999999984,555.9499999999985,556.8099999999985,3428
2026-08-24T13:00:00+00:00,556.8099999999985,560.2199999999984,553.2599999999984,558.4799999999984,4003
2026-08-24T14:00:00+00:00,558.4799999999984,560.9699999999984,556.4499999999985,559.9599999999984,4276
2026-08-24T15:00:00+00:00,559.9599999999984,564.2399999999984,558.9599999999984,562.2299999999984,3384
2026-08-24T16:00:00+00:00,562.2299999999984,564.9599999999984,561.6399999999984,564.6499999999985,2917
2026-08-24T17:00:00+00:00,564.6499999999985,565.8799999999984,562.9399999999985,562.9899999999984,3376
2026-08-24T18:00:00+00:00,562.9899999999984,567.7599999999984,562.9399999999985,567.0299999999985,3202
2026-08-24T19:00:00+00:00,567.0299999999985,568.3099999999985,565.5299999999985,566.3599999999984,3888
2026-08-25T13:00:00+00:00,566.3599999999984,575.2999999999985,566.3599999999984,571.9599999999984,3836
2026-08-25T14:00:00+00:00,571.9599999999984,572.6899999999985,568.6399999999984,570.9599999999984,3971
2026-08-25T15:00:00+00:00,570.9599999999984,573.0899999999984,568.3399999999984,572.2899999999985,3273
2026-08-25T16:00:00+00:00,572.2899999999985,574.3399999999984,571.0399999999985,574.1199999999984,2527
2026-08-25T17:00:00+00:00,574.1199999999984,574.3699999999984,570.6899999999985,572.0499999999985,2081
2026-08-25T18:00:00+00:00,572.0499999999985,573.3499999999984,571.1899999999985,573.3299999999984,1599
2026-08-25T19:00:00+00:00,573.3299999999984,577.5999999999984,572.4699999999984,576.7999999999985,3461
2026-08-26T13:00:00+00:00,576.7999999999985,599.6299999999984,568.6999999999985,578.9599999999984,10198
2026-08-26T14:00:00+00:00,578.9599999999984,594.3299999999984,571.2499999999984,591.7399999999984,10070
2026-08-26T15:00:00+00:00,591.7399999999984,595.6299999999984,582.0599999999985,582.8899999999984,7569
2026-08-26T16:00:00+00:00,582.8899999999984,585.7499999999985,581.1399999999984,582.3399999999986,3665
2026-08-26T17:00:00+00:00,582.3399999999986,585.7599999999985,581.3699999999985,584.7599999999985,3135
2026-08-26T18:00:00+00:00,584.7599999999985,587.5799999999986,583.0999999999985,584.9099999999985,3330
2026-08-26T19:00:00+00:00,584.9099999999985,586.9199999999985,581.4199999999985,582.1999999999985,4641
2026-08-27T13:00:00+00:00,582.1999999999985,588.9499999999985,573.5599999999985,588.3299999999984,6063
2026-08-27T14:00:00+00:00,588.3299999999984,594.1599999999985,576.5599999999985,579.6099999999985,8015
2026-08-27T15:00:00+00:00,579.6099999999985,579.6599999999985,576.5099999999984,579.1899999999985,3671
2026-08-27T16:00:00+00:00,579.1899999999985,580.2299999999984,575.7399999999984,576.9099999999985,2491
2026-08-27T17:00:00+00:00,576.9099999999985,577.8799999999984,575.5499999999985,576.0999999999984,2548
2026-08-27T18:00:00+00:00,576.0999999999984,576.4499999999985,574.0599999999985,575.3699999999984,2573
2026-08-27T19:00:00+00:00,575.3699999999984,577.8199999999985,574.6699999999985,577.1799999999985,4044
2026-08-28T13:00:00+00:00,577.1799999999985,590.0899999999984,576.5599999999985,586.4199999999985,4362
2026-08-28T14:00:00+00:00,586.4199999999985,595.0999999999984,580.2599999999985,590.6599999999985,7079
2026-08-28T15:00:00+00:00,590.6599999999985,593.5899999999984,581.0699999999985,581.2999999999985,5517
2026-08-28T16:00:00+00:00,581.2999999999985,582.7899999999985,579.2999999999985,581.1299999999984,3650
2026-08-28T17:00:00+00:00,581.1299999999984,582.8099999999985,580.0799999999984,581.7099999999984,2597
2026-08-28T18:00:00+00:00,581.7099999999984,583.4099999999985,579.8499999999984,579.8499999999984,2882
2026-08-28T19:00:00+00:00,579.8499999999984,584.8199999999985,579.8499999999984,584.3199999999985,3854
2026-08-31T13:00:00+00:00,584.3199999999985,584.3199999999985,577.0499999999985,578.3199999999985,3412
2026-08-31T14:00:00+00:00,578.3199999999985,578.3199999999985,575.0499999999985,577.1999999999985,4047
2026-08-31T15:00:00+00:00,577.1999999999985,579.1299999999984,576.5599999999985,577.0799999999984,2481
2026-08-31T16:00:00+00:00,577.0799999999984,577.7199999999984,576.3499999999984,577.3899999999985,1992
2026-08-31T17:00:00+00:00,577.3899999999985,578.2999999999985,576.3399999999984,577.6799999999985,2197
2026-08-31T18:00:00+00:00,577.6799999999985,580.0799999999984,576.6499999999985,577.3599999999984,2331
2026-08-31T19:00:00+00:00,577.3599999999984,582.1499999999985,577.2599999999985,578.2399999999984,4374
2026-09-01T13:00:00+00:00,578.2399999999984,578.2399999999984,562.1499999999985,572.5699999999985,4041
2026-09-01T14:00:00+00:00,572.5699999999985,585.4599999999984,571.5499999999985,583.9699999999984,4792
2026-09-01T15:00:00+00:00,583.9699999999984,588.8599999999984,581.8399999999984,588.7099999999984,4908
2026-09-01T16:00:00+00:00,588.7099999999984,589.3999999999985,584.0499999999985,586.5299999999985,3038
2026-09-01T17:00:00+00:00,586.5299999999985,590.2499999999984,585.5499999999985,590.2399999999984,2719
2026-09-01T18:00:00+00:00,590.2399999999984,590.6699999999985,582.1699999999985,583.3999999999985,3012
2026-09-01T19:00:00+00:00,583.3999999999985,586.8999999999985,582.1799999999985,584.4299999999985,3934
